experiment_id,run_id,gen,n_pop,n_feasible,f1_min_feas,f2_min_feas,f1_mean_feas,f2_mean_feas,fitness_yolo_max_feas,fitness_yolo_mean_feas,ref_point_hv,hypervolume_feas
umbrella_sbx_polynomial_run01,1,0,30,26,-0.8935468196868896,8.0,-0.5684192123321387,47.19230769230769,0.8935468196868896,0.5684192123321387,"[0.0, 80]",59.48260608315468
umbrella_sbx_polynomial_run01,1,1,30,30,-0.9105995893478394,8.0,-0.6692381461461385,33.666666666666664,0.9105995893478394,0.6692381461461385,"[0.0, 80]",60.7708041369915
umbrella_sbx_polynomial_run01,1,2,30,30,-0.9105995893478394,8.0,-0.7048821767171224,23.766666666666666,0.9105995893478394,0.7048821767171224,"[0.0, 80]",63.99663710594177
umbrella_sbx_polynomial_run01,1,3,30,30,-0.9445370435714722,8.0,-0.7929517537355423,26.133333333333333,0.9445370435714722,0.7929517537355423,"[0.0, 80]",65.61142379045486
umbrella_sbx_polynomial_run01,1,4,30,30,-0.9486472606658936,8.0,-0.8085427939891815,27.066666666666666,0.9486472606658936,0.8085427939891815,"[0.0, 80]",66.04132848978043
umbrella_sbx_polynomial_run01,1,5,30,30,-0.9486472606658936,8.0,-0.8861312448978425,33.5,0.9486472606658936,0.8861312448978425,"[0.0, 80]",66.04132848978043
umbrella_sbx_polynomial_run01,1,6,30,30,-0.9486472606658936,6.0,-0.852600046992302,34.0,0.9486472606658936,0.852600046992302,"[0.0, 80]",66.7376759648323
umbrella_sbx_polynomial_run01,1,7,30,30,-0.9486472606658936,6.0,-0.8128978570302328,29.366666666666667,0.9486472606658936,0.8128978570302328,"[0.0, 80]",66.87566113471985
umbrella_sbx_polynomial_run01,1,8,30,30,-0.9493192434310913,6.0,-0.8082741598288218,27.766666666666666,0.9493192434310913,0.8082741598288218,"[0.0, 80]",67.11508631706238
umbrella_sbx_polynomial_run01,1,9,30,30,-0.9575844407081604,6.0,-0.8191406110922496,23.466666666666665,0.9575844407081604,0.8191406110922496,"[0.0, 80]",68.70373174548149
umbrella_sbx_polynomial_run01,1,10,30,30,-0.9575844407081604,6.0,-0.8102028489112854,22.433333333333334,0.9575844407081604,0.8102028489112854,"[0.0, 80]",68.73691442608833
umbrella_sbx_polynomial_run01,1,11,30,30,-0.9575844407081604,6.0,-0.8261332243680954,20.566666666666666,0.9575844407081604,0.8261332243680954,"[0.0, 80]",69.19062668085098
umbrella_sbx_polynomial_run01,1,12,30,30,-0.9575844407081604,6.0,-0.879983268181483,23.2,0.9575844407081604,0.879983268181483,"[0.0, 80]",69.42751204967499
umbrella_sbx_polynomial_run01,1,13,30,30,-0.9575844407081604,6.0,-0.8970203598340353,25.166666666666668,0.9575844407081604,0.8970203598340353,"[0.0, 80]",69.48369669914246
umbrella_sbx_polynomial_run01,1,14,30,30,-0.9575844407081604,6.0,-0.8954324026902517,25.233333333333334,0.9575844407081604,0.8954324026902517,"[0.0, 80]",69.77823376655579
umbrella_sbx_polynomial_run01,1,15,30,30,-0.9575844407081604,4.0,-0.881704929471016,24.733333333333334,0.9575844407081604,0.881704929471016,"[0.0, 80]",70.62288257479668
umbrella_sbx_polynomial_run01,1,16,30,30,-0.9588521122932434,4.0,-0.8531642536322276,23.366666666666667,0.9588521122932434,0.8531642536322276,"[0.0, 80]",70.90948060154915
umbrella_sbx_polynomial_run01,1,17,30,30,-0.961432695388794,4.0,-0.8569122890631358,22.866666666666667,0.961432695388794,0.8569122890631358,"[0.0, 80]",71.01631417870522
umbrella_sbx_polynomial_run01,1,18,30,30,-0.961432695388794,4.0,-0.8600554237763087,22.8,0.961432695388794,0.8600554237763087,"[0.0, 80]",71.65550464391708
umbrella_sbx_polynomial_run01,1,19,30,30,-0.961432695388794,4.0,-0.9008600850900014,23.5,0.961432695388794,0.9008600850900014,"[0.0, 80]",71.6628588438034
umbrella_sbx_polynomial_run01,1,20,30,30,-0.961432695388794,4.0,-0.9154486318429311,21.2,0.961432695388794,0.9154486318429311,"[0.0, 80]",71.80080354213715
umbrella_sbx_polynomial_run01,1,21,30,30,-0.961432695388794,4.0,-0.9224503735701243,22.166666666666668,0.961432695388794,0.9224503735701243,"[0.0, 80]",72.05553704500198
umbrella_sbx_polynomial_run01,1,22,30,30,-0.961432695388794,4.0,-0.9202324271202087,22.066666666666666,0.961432695388794,0.9202324271202087,"[0.0, 80]",72.23179692029953
umbrella_sbx_polynomial_run01,1,23,30,30,-0.961432695388794,3.0,-0.9143948485453923,25.966666666666665,0.961432695388794,0.9143948485453923,"[0.0, 80]",72.63150462508202
umbrella_sbx_polynomial_run01,1,24,30,30,-0.961432695388794,3.0,-0.9097945859034856,25.866666666666667,0.961432695388794,0.9097945859034856,"[0.0, 80]",72.63150462508202
umbrella_sbx_polynomial_run01,1,25,30,30,-0.961432695388794,3.0,-0.8975429644187292,24.566666666666666,0.961432695388794,0.8975429644187292,"[0.0, 80]",72.64273858070374
umbrella_sbx_polynomial_run01,1,26,30,30,-0.962175726890564,3.0,-0.8829905360937118,24.533333333333335,0.962175726890564,0.8829905360937118,"[0.0, 80]",72.67171680927277
umbrella_sbx_polynomial_run01,1,27,30,30,-0.962175726890564,3.0,-0.8858346154292425,25.7,0.962175726890564,0.8858346154292425,"[0.0, 80]",72.67862498760223
umbrella_sbx_polynomial_run01,1,28,30,30,-0.962175726890564,3.0,-0.8482325474421183,23.5,0.962175726890564,0.8482325474421183,"[0.0, 80]",72.67862498760223
umbrella_sbx_polynomial_run01,1,29,30,30,-0.962175726890564,3.0,-0.8930185973644257,28.366666666666667,0.962175726890564,0.8930185973644257,"[0.0, 80]",72.68153297901154
umbrella_sbx_polynomial_run01,1,30,30,30,-0.962175726890564,3.0,-0.8819891810417175,23.5,0.962175726890564,0.8819891810417175,"[0.0, 80]",73.08351916074753
umbrella_sbx_polynomial_run01,1,31,30,30,-0.962175726890564,3.0,-0.8647748510042826,23.4,0.962175726890564,0.8647748510042826,"[0.0, 80]",73.08351916074753
umbrella_sbx_polynomial_run01,1,32,30,30,-0.962175726890564,3.0,-0.8651669005552928,24.533333333333335,0.962175726890564,0.8651669005552928,"[0.0, 80]",73.11281663179398
umbrella_sbx_polynomial_run01,1,33,30,30,-0.962175726890564,3.0,-0.9110598335663478,25.933333333333334,0.962175726890564,0.9110598335663478,"[0.0, 80]",73.17102116346359
umbrella_sbx_polynomial_run01,1,34,30,30,-0.962175726890564,3.0,-0.9047979901234309,23.633333333333333,0.962175726890564,0.9047979901234309,"[0.0, 80]",73.17102116346359
umbrella_sbx_polynomial_run01,1,35,30,30,-0.962175726890564,3.0,-0.9064927995204926,19.9,0.962175726890564,0.9064927995204926,"[0.0, 80]",73.17102116346359
umbrella_sbx_polynomial_run01,1,36,30,30,-0.962175726890564,3.0,-0.9117195725440979,20.333333333333332,0.962175726890564,0.9117195725440979,"[0.0, 80]",73.17999184131622
umbrella_sbx_polynomial_run01,1,37,30,30,-0.962175726890564,3.0,-0.9117339114348094,20.333333333333332,0.962175726890564,0.9117339114348094,"[0.0, 80]",73.17999184131622
umbrella_sbx_polynomial_run01,1,38,30,30,-0.962175726890564,3.0,-0.9143248299757639,20.8,0.962175726890564,0.9143248299757639,"[0.0, 80]",73.21693801879883
umbrella_sbx_polynomial_run01,1,39,30,30,-0.962175726890564,3.0,-0.9289933502674103,24.233333333333334,0.962175726890564,0.9289933502674103,"[0.0, 80]",73.2492607831955
umbrella_sbx_polynomial_run01,1,40,30,30,-0.962175726890564,3.0,-0.9283458193143209,23.433333333333334,0.962175726890564,0.9283458193143209,"[0.0, 80]",73.25374507904053
umbrella_sbx_polynomial_run01,1,41,30,30,-0.962175726890564,3.0,-0.9288519342740377,24.6,0.962175726890564,0.9288519342740377,"[0.0, 80]",73.27050513029099
umbrella_sbx_polynomial_run01,1,42,30,30,-0.962175726890564,3.0,-0.9311986009279887,24.633333333333333,0.962175726890564,0.9311986009279887,"[0.0, 80]",73.27050513029099
umbrella_sbx_polynomial_run01,1,43,30,30,-0.962175726890564,3.0,-0.9313252866268158,24.7,0.962175726890564,0.9313252866268158,"[0.0, 80]",73.27050513029099
umbrella_sbx_polynomial_run01,1,44,30,30,-0.962175726890564,3.0,-0.932852303981781,27.0,0.962175726890564,0.932852303981781,"[0.0, 80]",73.27292287349701
umbrella_sbx_polynomial_run01,1,45,30,30,-0.962175726890564,3.0,-0.9364206691582998,28.633333333333333,0.962175726890564,0.9364206691582998,"[0.0, 80]",73.27733206748962
umbrella_sbx_polynomial_run01,1,46,30,30,-0.9649308323860168,3.0,-0.9169017612934113,18.833333333333332,0.9649308323860168,0.9169017612934113,"[0.0, 80]",73.39666432142258
umbrella_sbx_polynomial_run01,1,47,30,30,-0.9649308323860168,3.0,-0.912851216395696,15.9,0.9649308323860168,0.912851216395696,"[0.0, 80]",73.4470466375351
umbrella_sbx_polynomial_run01,1,48,30,30,-0.9649308323860168,3.0,-0.9157385130723318,17.033333333333335,0.9649308323860168,0.9157385130723318,"[0.0, 80]",73.4470466375351
umbrella_sbx_polynomial_run01,1,49,30,30,-0.9649308323860168,3.0,-0.9172615309556326,15.833333333333334,0.9649308323860168,0.9172615309556326,"[0.0, 80]",73.50379645824432
umbrella_sbx_polynomial_run02,2,0,30,23,-0.9200857877731323,6.0,-0.5728045650150465,63.43478260869565,0.9200857877731323,0.5728045650150465,"[0.0, 80]",50.93877428770065
umbrella_sbx_polynomial_run02,2,1,30,30,-0.9436193704605103,6.0,-0.6618338098128637,48.63333333333333,0.9436193704605103,0.6618338098128637,"[0.0, 80]",55.67466425895691
umbrella_sbx_polynomial_run02,2,2,30,30,-0.9436193704605103,6.0,-0.7164658715327581,36.5,0.9436193704605103,0.7164658715327581,"[0.0, 80]",61.305644035339355
umbrella_sbx_polynomial_run02,2,3,30,30,-0.9436193704605103,6.0,-0.7259899099667867,34.0,0.9436193704605103,0.7259899099667867,"[0.0, 80]",62.537997007369995
umbrella_sbx_polynomial_run02,2,4,30,30,-0.9436193704605103,6.0,-0.7435451875130336,34.03333333333333,0.9436193704605103,0.7435451875130336,"[0.0, 80]",65.79334992170334
umbrella_sbx_polynomial_run02,2,5,30,30,-0.9436193704605103,6.0,-0.7326222956180573,28.533333333333335,0.9436193704605103,0.7326222956180573,"[0.0, 80]",65.79334992170334
umbrella_sbx_polynomial_run02,2,6,30,30,-0.9455474615097046,5.0,-0.7228335022926331,27.333333333333332,0.9455474615097046,0.7228335022926331,"[0.0, 80]",66.45071387290955
umbrella_sbx_polynomial_run02,2,7,30,30,-0.9487667083740234,5.0,-0.7284817397594452,28.333333333333332,0.9487667083740234,0.7284817397594452,"[0.0, 80]",66.45715236663818
umbrella_sbx_polynomial_run02,2,8,30,30,-0.9487667083740234,4.0,-0.6853126297394435,25.4,0.9487667083740234,0.6853126297394435,"[0.0, 80]",66.78848734498024
umbrella_sbx_polynomial_run02,2,9,30,30,-0.9487667083740234,4.0,-0.7046484152475992,25.666666666666668,0.9487667083740234,0.7046484152475992,"[0.0, 80]",66.91837766766548
umbrella_sbx_polynomial_run02,2,10,30,30,-0.9509293437004089,4.0,-0.7131338437398275,26.9,0.9509293437004089,0.7131338437398275,"[0.0, 80]",67.02200466394424
umbrella_sbx_polynomial_run02,2,11,30,30,-0.9509293437004089,4.0,-0.7133811444044114,26.833333333333332,0.9509293437004089,0.7133811444044114,"[0.0, 80]",67.05443966388702
umbrella_sbx_polynomial_run02,2,12,30,30,-0.9527019262313843,4.0,-0.6943269610404968,25.133333333333333,0.9527019262313843,0.6943269610404968,"[0.0, 80]",67.06084603071213
umbrella_sbx_polynomial_run02,2,13,30,30,-0.9527019262313843,4.0,-0.7088439067204794,23.2,0.9527019262313843,0.7088439067204794,"[0.0, 80]",67.97940143942833
umbrella_sbx_polynomial_run02,2,14,30,30,-0.953196108341217,4.0,-0.7306284417708715,23.5,0.953196108341217,0.7306284417708715,"[0.0, 80]",68.10398063063622
umbrella_sbx_polynomial_run02,2,15,30,30,-0.953196108341217,3.0,-0.7122685641050339,25.733333333333334,0.953196108341217,0.7122685641050339,"[0.0, 80]",68.36536139249802
umbrella_sbx_polynomial_run02,2,16,30,30,-0.9538967609405518,3.0,-0.7353557924429576,26.266666666666666,0.9538967609405518,0.7353557924429576,"[0.0, 80]",68.41204133629799
umbrella_sbx_polynomial_run02,2,17,30,30,-0.9538967609405518,3.0,-0.7516472280025482,30.766666666666666,0.9538967609405518,0.7516472280025482,"[0.0, 80]",68.41204133629799
umbrella_sbx_polynomial_run02,2,18,30,30,-0.9564219117164612,3.0,-0.7138712833325068,25.833333333333332,0.9564219117164612,0.7138712833325068,"[0.0, 80]",68.41709163784981
umbrella_sbx_polynomial_run02,2,19,30,30,-0.9564219117164612,3.0,-0.768243599931399,27.433333333333334,0.9564219117164612,0.768243599931399,"[0.0, 80]",69.6296397447586
umbrella_sbx_polynomial_run02,2,20,30,30,-0.9564219117164612,3.0,-0.8422678063313166,31.033333333333335,0.9564219117164612,0.8422678063313166,"[0.0, 80]",70.33956354856491
umbrella_sbx_polynomial_run02,2,21,30,30,-0.9564219117164612,3.0,-0.8660616556803385,31.166666666666668,0.9564219117164612,0.8660616556803385,"[0.0, 80]",70.33956354856491
umbrella_sbx_polynomial_run02,2,22,30,30,-0.9564219117164612,3.0,-0.895017166932424,31.866666666666667,0.9564219117164612,0.895017166932424,"[0.0, 80]",70.34196841716766
umbrella_sbx_polynomial_run02,2,23,30,30,-0.9564219117164612,3.0,-0.8980988621711731,31.866666666666667,0.9564219117164612,0.8980988621711731,"[0.0, 80]",70.51841098070145
umbrella_sbx_polynomial_run02,2,24,30,30,-0.9564219117164612,3.0,-0.8977241079012553,31.833333333333332,0.9564219117164612,0.8977241079012553,"[0.0, 80]",70.51841098070145
umbrella_sbx_polynomial_run02,2,25,30,30,-0.9617778062820435,3.0,-0.8918364723523458,29.133333333333333,0.9617778062820435,0.8918364723523458,"[0.0, 80]",71.2947923541069
umbrella_sbx_polynomial_run02,2,26,30,30,-0.9617778062820435,3.0,-0.9038815001646677,31.6,0.9617778062820435,0.9038815001646677,"[0.0, 80]",71.35117870569229
umbrella_sbx_polynomial_run02,2,27,30,30,-0.9617778062820435,3.0,-0.9037884791692098,29.566666666666666,0.9617778062820435,0.9037884791692098,"[0.0, 80]",71.35117870569229
umbrella_sbx_polynomial_run02,2,28,30,30,-0.9619618058204651,3.0,-0.9040502369403839,27.9,0.9619618058204651,0.9040502369403839,"[0.0, 80]",71.36074668169022
umbrella_sbx_polynomial_run02,2,29,30,30,-0.963312029838562,3.0,-0.9035591900348663,24.066666666666666,0.963312029838562,0.9035591900348663,"[0.0, 80]",71.43095833063126
umbrella_sbx_polynomial_run02,2,30,30,30,-0.9639080166816711,3.0,-0.8922002454598744,16.166666666666668,0.9639080166816711,0.8922002454598744,"[0.0, 80]",71.54418641328812
umbrella_sbx_polynomial_run02,2,31,30,30,-0.9692623615264893,3.0,-0.8964075167973836,16.166666666666668,0.9692623615264893,0.8964075167973836,"[0.0, 80]",72.39963632822037
umbrella_sbx_polynomial_run02,2,32,30,30,-0.9692623615264893,3.0,-0.8954589188098907,15.766666666666667,0.9692623615264893,0.8954589188098907,"[0.0, 80]",72.82624518871307
umbrella_sbx_polynomial_run02,2,33,30,30,-0.9692623615264893,3.0,-0.8855210423469544,14.933333333333334,0.9692623615264893,0.8855210423469544,"[0.0, 80]",72.82624518871307
umbrella_sbx_polynomial_run02,2,34,30,30,-0.9692623615264893,3.0,-0.8980877637863159,15.466666666666667,0.9692623615264893,0.8980877637863159,"[0.0, 80]",72.89918267726898
umbrella_sbx_polynomial_run02,2,35,30,30,-0.9692623615264893,3.0,-0.9050651530424754,15.0,0.9692623615264893,0.9050651530424754,"[0.0, 80]",72.91852313280106
umbrella_sbx_polynomial_run02,2,36,30,30,-0.9696792364120483,3.0,-0.91047682762146,15.233333333333333,0.9696792364120483,0.91047682762146,"[0.0, 80]",72.95188987255096
umbrella_sbx_polynomial_run02,2,37,30,30,-0.9696792364120483,3.0,-0.9119205037752788,15.333333333333334,0.9696792364120483,0.9119205037752788,"[0.0, 80]",72.95188987255096
umbrella_sbx_polynomial_run02,2,38,30,30,-0.9696792364120483,3.0,-0.9173139075438181,16.1,0.9696792364120483,0.9173139075438181,"[0.0, 80]",73.04413551092148
umbrella_sbx_polynomial_run02,2,39,30,30,-0.9696792364120483,3.0,-0.9152391294638316,15.866666666666667,0.9696792364120483,0.9152391294638316,"[0.0, 80]",73.19672507047653
umbrella_sbx_polynomial_run02,2,40,30,30,-0.9696792364120483,3.0,-0.9227831582228343,16.166666666666668,0.9696792364120483,0.9227831582228343,"[0.0, 80]",73.19672507047653
umbrella_sbx_polynomial_run02,2,41,30,30,-0.9696792364120483,3.0,-0.9148877441883088,15.3,0.9696792364120483,0.9148877441883088,"[0.0, 80]",73.19672507047653
umbrella_sbx_polynomial_run02,2,42,30,30,-0.9696792364120483,3.0,-0.9154936671257019,15.2,0.9696792364120483,0.9154936671257019,"[0.0, 80]",73.19672507047653
umbrella_sbx_polynomial_run02,2,43,30,30,-0.9696792364120483,3.0,-0.9122816443443298,14.9,0.9696792364120483,0.9122816443443298,"[0.0, 80]",73.19672507047653
umbrella_sbx_polynomial_run02,2,44,30,30,-0.9700688123703003,3.0,-0.9093105951944987,14.6,0.9700688123703003,0.9093105951944987,"[0.0, 80]",73.24835985898972
umbrella_sbx_polynomial_run02,2,45,30,30,-0.9700688123703003,3.0,-0.9039099136988322,14.033333333333333,0.9700688123703003,0.9039099136988322,"[0.0, 80]",73.24835985898972
umbrella_sbx_polynomial_run02,2,46,30,30,-0.9700688123703003,3.0,-0.914488140741984,15.366666666666667,0.9700688123703003,0.914488140741984,"[0.0, 80]",73.37057048082352
umbrella_sbx_polynomial_run02,2,47,30,30,-0.9722939729690552,3.0,-0.9078844368457795,12.466666666666667,0.9722939729690552,0.9078844368457795,"[0.0, 80]",73.73182398080826
umbrella_sbx_polynomial_run02,2,48,30,30,-0.9722939729690552,3.0,-0.9079232335090637,12.466666666666667,0.9722939729690552,0.9079232335090637,"[0.0, 80]",73.73182398080826
umbrella_sbx_polynomial_run02,2,49,30,30,-0.9722939729690552,3.0,-0.9152696410814921,13.3,0.9722939729690552,0.9152696410814921,"[0.0, 80]",73.75633972883224
umbrella_sbx_polynomial_run03,3,0,30,28,-0.9108312726020813,3.0,-0.5731724362288203,51.785714285714285,0.9108312726020813,0.5731724362288203,"[0.0, 80]",60.56053584814072
umbrella_sbx_polynomial_run03,3,1,30,30,-0.9166644215583801,3.0,-0.6605013300975163,42.666666666666664,0.9166644215583801,0.6605013300975163,"[0.0, 80]",62.700059592723846
umbrella_sbx_polynomial_run03,3,2,30,30,-0.9176350831985474,3.0,-0.6998433281977972,30.966666666666665,0.9176350831985474,0.6998433281977972,"[0.0, 80]",63.71651995182037
umbrella_sbx_polynomial_run03,3,3,30,30,-0.9793533682823181,3.0,-0.737254269917806,27.366666666666667,0.9793533682823181,0.737254269917806,"[0.0, 80]",64.33370280265808
umbrella_sbx_polynomial_run03,3,4,30,30,-0.9793533682823181,3.0,-0.7501010715961456,23.1,0.9793533682823181,0.7501010715961456,"[0.0, 80]",67.57771307229996
umbrella_sbx_polynomial_run03,3,5,30,30,-0.9793533682823181,3.0,-0.7153087049722672,21.433333333333334,0.9793533682823181,0.7153087049722672,"[0.0, 80]",67.75941509008408
umbrella_sbx_polynomial_run03,3,6,30,30,-0.9793533682823181,3.0,-0.7068695863087971,20.4,0.9793533682823181,0.7068695863087971,"[0.0, 80]",67.94939225912094
umbrella_sbx_polynomial_run03,3,7,30,30,-0.9793533682823181,3.0,-0.6784712185462316,17.733333333333334,0.9793533682823181,0.6784712185462316,"[0.0, 80]",68.75233295559883
umbrella_sbx_polynomial_run03,3,8,30,30,-0.9793533682823181,3.0,-0.706301087141037,16.733333333333334,0.9793533682823181,0.706301087141037,"[0.0, 80]",69.09841373562813
umbrella_sbx_polynomial_run03,3,9,30,30,-0.9793533682823181,3.0,-0.6885716080665588,13.533333333333333,0.9793533682823181,0.6885716080665588,"[0.0, 80]",69.90406885743141
umbrella_sbx_polynomial_run03,3,10,30,30,-0.9793533682823181,3.0,-0.7232712765534719,13.033333333333333,0.9793533682823181,0.7232712765534719,"[0.0, 80]",71.27418342232704
umbrella_sbx_polynomial_run03,3,11,30,30,-0.9793533682823181,3.0,-0.7870161980390549,14.9,0.9793533682823181,0.7870161980390549,"[0.0, 80]",72.0581670999527
umbrella_sbx_polynomial_run03,3,12,30,30,-0.9793533682823181,3.0,-0.7848901510238647,14.533333333333333,0.9793533682823181,0.7848901510238647,"[0.0, 80]",72.0581670999527
umbrella_sbx_polynomial_run03,3,13,30,30,-0.9793533682823181,3.0,-0.7976835072040558,14.3,0.9793533682823181,0.7976835072040558,"[0.0, 80]",72.500947535038
umbrella_sbx_polynomial_run03,3,14,30,30,-0.9793533682823181,3.0,-0.8264996558427811,12.466666666666667,0.9793533682823181,0.8264996558427811,"[0.0, 80]",72.52218097448349
umbrella_sbx_polynomial_run03,3,15,30,30,-0.9793533682823181,3.0,-0.8103254556655883,11.0,0.9793533682823181,0.8103254556655883,"[0.0, 80]",72.65932512283325
umbrella_sbx_polynomial_run03,3,16,30,30,-0.9793533682823181,3.0,-0.8103949169317881,10.533333333333333,0.9793533682823181,0.8103949169317881,"[0.0, 80]",72.70099937915802
umbrella_sbx_polynomial_run03,3,17,30,30,-0.9793533682823181,3.0,-0.8544948498407999,13.533333333333333,0.9793533682823181,0.8544948498407999,"[0.0, 80]",73.12044847011566
umbrella_sbx_polynomial_run03,3,18,30,30,-0.9793533682823181,3.0,-0.8884595334529877,18.0,0.9793533682823181,0.8884595334529877,"[0.0, 80]",74.08222150802612
umbrella_sbx_polynomial_run03,3,19,30,30,-0.9793533682823181,3.0,-0.9045033971468608,24.2,0.9793533682823181,0.9045033971468608,"[0.0, 80]",74.08708167076111
umbrella_sbx_polynomial_run03,3,20,30,30,-0.9793533682823181,3.0,-0.9327727417151134,23.233333333333334,0.9793533682823181,0.9327727417151134,"[0.0, 80]",74.18162679672241
umbrella_sbx_polynomial_run03,3,21,30,30,-0.9798932075500488,3.0,-0.9536214510599772,28.766666666666666,0.9798932075500488,0.9536214510599772,"[0.0, 80]",74.26529377698898
umbrella_sbx_polynomial_run03,3,22,30,30,-0.9798932075500488,3.0,-0.9587026298046112,32.06666666666667,0.9798932075500488,0.9587026298046112,"[0.0, 80]",74.26529377698898
umbrella_sbx_polynomial_run03,3,23,30,30,-0.9798932075500488,3.0,-0.9605679909388224,36.8,0.9798932075500488,0.9605679909388224,"[0.0, 80]",74.26699787378311
umbrella_sbx_polynomial_run03,3,24,30,30,-0.9806931614875793,3.0,-0.960539561510086,36.36666666666667,0.9806931614875793,0.960539561510086,"[0.0, 80]",74.34801226854324
umbrella_sbx_polynomial_run03,3,25,30,30,-0.9807584881782532,3.0,-0.962308524052302,36.53333333333333,0.9807584881782532,0.962308524052302,"[0.0, 80]",74.51653361320496
umbrella_sbx_polynomial_run03,3,26,30,30,-0.9807584881782532,3.0,-0.9652635951836904,40.233333333333334,0.9807584881782532,0.9652635951836904,"[0.0, 80]",74.52397352457047
umbrella_sbx_polynomial_run03,3,27,30,30,-0.9815962910652161,3.0,-0.9657272259394328,35.7,0.9815962910652161,0.9657272259394328,"[0.0, 80]",74.67378062009811
umbrella_sbx_polynomial_run03,3,28,30,30,-0.9815962910652161,3.0,-0.9661952118078868,33.2,0.9815962910652161,0.9661952118078868,"[0.0, 80]",74.69249790906906
umbrella_sbx_polynomial_run03,3,29,30,30,-0.9815962910652161,3.0,-0.9674810647964478,36.666666666666664,0.9815962910652161,0.9674810647964478,"[0.0, 80]",74.71907204389572
umbrella_sbx_polynomial_run03,3,30,30,30,-0.9817250370979309,3.0,-0.969115024805069,39.233333333333334,0.9817250370979309,0.969115024805069,"[0.0, 80]",74.72384917736053
umbrella_sbx_polynomial_run03,3,31,30,30,-0.9817250370979309,3.0,-0.9698327223459879,41.03333333333333,0.9817250370979309,0.9698327223459879,"[0.0, 80]",74.82567125558853
umbrella_sbx_polynomial_run03,3,32,30,30,-0.9817250370979309,3.0,-0.9703200399875641,40.5,0.9817250370979309,0.9703200399875641,"[0.0, 80]",74.83154636621475
umbrella_sbx_polynomial_run03,3,33,30,30,-0.9829848408699036,3.0,-0.9706552505493165,39.3,0.9829848408699036,0.9706552505493165,"[0.0, 80]",74.86163538694382
umbrella_sbx_polynomial_run03,3,34,30,30,-0.9829848408699036,3.0,-0.9712366958459219,37.666666666666664,0.9829848408699036,0.9712366958459219,"[0.0, 80]",74.86163538694382
umbrella_sbx_polynomial_run03,3,35,30,30,-0.9829848408699036,3.0,-0.97151953180631,38.8,0.9829848408699036,0.97151953180631,"[0.0, 80]",74.86163538694382
umbrella_sbx_polynomial_run03,3,36,30,30,-0.9831552505493164,3.0,-0.9711896161238353,35.6,0.9831552505493164,0.9711896161238353,"[0.0, 80]",74.86333948373795
umbrella_sbx_polynomial_run03,3,37,30,30,-0.9833705425262451,3.0,-0.9724322100480397,36.7,0.9833705425262451,0.9724322100480397,"[0.0, 80]",75.0592742562294
umbrella_sbx_polynomial_run03,3,38,30,30,-0.9835149049758911,3.0,-0.9720033466815948,36.03333333333333,0.9835149049758911,0.9720033466815948,"[0.0, 80]",75.08197104930878
umbrella_sbx_polynomial_run03,3,39,30,30,-0.9835149049758911,3.0,-0.9699028929074606,31.433333333333334,0.9835149049758911,0.9699028929074606,"[0.0, 80]",75.10351651906967
umbrella_sbx_polynomial_run03,3,40,30,30,-0.9835149049758911,3.0,-0.970828793446223,31.733333333333334,0.9835149049758911,0.970828793446223,"[0.0, 80]",75.12082397937775
umbrella_sbx_polynomial_run03,3,41,30,30,-0.9835149049758911,3.0,-0.969817054271698,29.6,0.9835149049758911,0.969817054271698,"[0.0, 80]",75.12082397937775
umbrella_sbx_polynomial_run03,3,42,30,30,-0.9835485816001892,3.0,-0.9700570603211721,29.6,0.9835485816001892,0.9700570603211721,"[0.0, 80]",75.29214483499527
umbrella_sbx_polynomial_run03,3,43,30,30,-0.9838303923606873,3.0,-0.9724397301673889,33.766666666666666,0.9838303923606873,0.9724397301673889,"[0.0, 80]",75.29977267980576
umbrella_sbx_polynomial_run03,3,44,30,30,-0.9838303923606873,3.0,-0.9709310730298361,28.333333333333332,0.9838303923606873,0.9709310730298361,"[0.0, 80]",75.30151718854904
umbrella_sbx_polynomial_run03,3,45,30,30,-0.9838437438011169,3.0,-0.9698471705118815,28.266666666666666,0.9838437438011169,0.9698471705118815,"[0.0, 80]",75.30561274290085
umbrella_sbx_polynomial_run03,3,46,30,30,-0.983877420425415,3.0,-0.9703157365322113,26.466666666666665,0.983877420425415,0.9703157365322113,"[0.0, 80]",75.30594950914383
umbrella_sbx_polynomial_run03,3,47,30,30,-0.9856874346733093,3.0,-0.9703628381093343,26.166666666666668,0.9856874346733093,0.9703628381093343,"[0.0, 80]",75.32404965162277
umbrella_sbx_polynomial_run03,3,48,30,30,-0.9856874346733093,3.0,-0.9712928215662638,26.466666666666665,0.9856874346733093,0.9712928215662638,"[0.0, 80]",75.34417480230331
umbrella_sbx_polynomial_run03,3,49,30,30,-0.9856874346733093,3.0,-0.9713141997655232,26.5,0.9856874346733093,0.9713141997655232,"[0.0, 80]",75.34417480230331
umbrella_sbx_polynomial_run04,4,0,30,27,-0.8326241970062256,4.0,-0.5495525300502777,57.25925925925926,0.8326241970062256,0.5495525300502777,"[0.0, 80]",55.43113350868225
umbrella_sbx_polynomial_run04,4,1,30,30,-0.8592489957809448,4.0,-0.6329511135816575,43.1,0.8592489957809448,0.6329511135816575,"[0.0, 80]",60.49655216932297
umbrella_sbx_polynomial_run04,4,2,30,30,-0.9476776719093323,4.0,-0.6682208557923635,32.5,0.9476776719093323,0.6682208557923635,"[0.0, 80]",67.78794950246811
umbrella_sbx_polynomial_run04,4,3,30,30,-0.9476776719093323,3.0,-0.7290422389904658,24.4,0.9476776719093323,0.7290422389904658,"[0.0, 80]",69.44798296689987
umbrella_sbx_polynomial_run04,4,4,30,30,-0.9476776719093323,3.0,-0.761115762591362,18.3,0.9476776719093323,0.761115762591362,"[0.0, 80]",69.95055967569351
umbrella_sbx_polynomial_run04,4,5,30,30,-0.9476776719093323,3.0,-0.7760773907105128,18.4,0.9476776719093323,0.7760773907105128,"[0.0, 80]",71.18892520666122
umbrella_sbx_polynomial_run04,4,6,30,30,-0.9476776719093323,3.0,-0.8006386637687684,16.9,0.9476776719093323,0.8006386637687684,"[0.0, 80]",71.53134876489639
umbrella_sbx_polynomial_run04,4,7,30,30,-0.9558477997779846,3.0,-0.7698840826749802,13.333333333333334,0.9558477997779846,0.7698840826749802,"[0.0, 80]",72.16840010881424
umbrella_sbx_polynomial_run04,4,8,30,30,-0.9558477997779846,3.0,-0.7761998057365418,9.833333333333334,0.9558477997779846,0.7761998057365418,"[0.0, 80]",72.20195108652115
umbrella_sbx_polynomial_run04,4,9,30,30,-0.9558477997779846,3.0,-0.8081061244010925,10.566666666666666,0.9558477997779846,0.8081061244010925,"[0.0, 80]",72.31668215990067
umbrella_sbx_polynomial_run04,4,10,30,30,-0.9558477997779846,3.0,-0.8199196795622508,12.166666666666666,0.9558477997779846,0.8199196795622508,"[0.0, 80]",72.31668215990067
umbrella_sbx_polynomial_run04,4,11,30,30,-0.9617724418640137,3.0,-0.8164882739384969,9.633333333333333,0.9617724418640137,0.8164882739384969,"[0.0, 80]",72.80636686086655
umbrella_sbx_polynomial_run04,4,12,30,30,-0.9623979330062866,3.0,-0.813278192281723,9.633333333333333,0.9623979330062866,0.813278192281723,"[0.0, 80]",72.8445218205452
umbrella_sbx_polynomial_run04,4,13,30,30,-0.9623979330062866,3.0,-0.835979825258255,10.033333333333333,0.9623979330062866,0.835979825258255,"[0.0, 80]",72.85786366462708
umbrella_sbx_polynomial_run04,4,14,30,30,-0.962705135345459,3.0,-0.8393886784712473,9.7,0.962705135345459,0.8393886784712473,"[0.0, 80]",72.8837748169899
umbrella_sbx_polynomial_run04,4,15,30,30,-0.962705135345459,3.0,-0.8321299056212107,9.566666666666666,0.962705135345459,0.8321299056212107,"[0.0, 80]",72.8873679637909
umbrella_sbx_polynomial_run04,4,16,30,30,-0.9630274176597595,3.0,-0.8707090695699056,10.8,0.9630274176597595,0.8707090695699056,"[0.0, 80]",72.95034456253052
umbrella_sbx_polynomial_run04,4,17,30,30,-0.9630274176597595,3.0,-0.8771870732307434,11.1,0.9630274176597595,0.8771870732307434,"[0.0, 80]",72.95800441503525
umbrella_sbx_polynomial_run04,4,18,30,30,-0.9630274176597595,3.0,-0.8850640336672465,11.6,0.9630274176597595,0.8850640336672465,"[0.0, 80]",72.9711754322052
umbrella_sbx_polynomial_run04,4,19,30,30,-0.9630274176597595,3.0,-0.8799534877141316,11.033333333333333,0.9630274176597595,0.8799534877141316,"[0.0, 80]",73.04072856903076
umbrella_sbx_polynomial_run04,4,20,30,30,-0.9630274176597595,3.0,-0.8814965963363648,11.0,0.9630274176597595,0.8814965963363648,"[0.0, 80]",73.1444941163063
umbrella_sbx_polynomial_run04,4,21,30,30,-0.9630274176597595,3.0,-0.8851871609687805,11.0,0.9630274176597595,0.8851871609687805,"[0.0, 80]",73.19677478075027
umbrella_sbx_polynomial_run04,4,22,30,30,-0.9637159705162048,3.0,-0.8933631519476573,11.033333333333333,0.9637159705162048,0.8933631519476573,"[0.0, 80]",73.23978734016418
umbrella_sbx_polynomial_run04,4,23,30,30,-0.964840829372406,3.0,-0.9089248418807984,11.866666666666667,0.964840829372406,0.9089248418807984,"[0.0, 80]",73.46878802776337
umbrella_sbx_polynomial_run04,4,24,30,30,-0.964840829372406,3.0,-0.90816530585289,11.133333333333333,0.964840829372406,0.90816530585289,"[0.0, 80]",73.46878802776337
umbrella_sbx_polynomial_run04,4,25,30,30,-0.964840829372406,3.0,-0.9118940154711406,11.2,0.964840829372406,0.9118940154711406,"[0.0, 80]",73.46878802776337
umbrella_sbx_polynomial_run04,4,26,30,30,-0.964840829372406,3.0,-0.9113771696885427,11.033333333333333,0.964840829372406,0.9113771696885427,"[0.0, 80]",73.47360837459564
umbrella_sbx_polynomial_run04,4,27,30,30,-0.964840829372406,3.0,-0.923940364519755,11.566666666666666,0.964840829372406,0.923940364519755,"[0.0, 80]",73.48378545045853
umbrella_sbx_polynomial_run04,4,28,30,30,-0.964840829372406,3.0,-0.9241292258103688,11.566666666666666,0.964840829372406,0.9241292258103688,"[0.0, 80]",73.4861770272255
umbrella_sbx_polynomial_run04,4,29,30,30,-0.964840829372406,3.0,-0.926479019721349,11.766666666666667,0.964840829372406,0.926479019721349,"[0.0, 80]",73.4861770272255
umbrella_sbx_polynomial_run04,4,30,30,30,-0.964840829372406,3.0,-0.9281585216522217,12.133333333333333,0.964840829372406,0.9281585216522217,"[0.0, 80]",73.48861515522003
umbrella_sbx_polynomial_run04,4,31,30,30,-0.964840829372406,3.0,-0.938195691506068,13.533333333333333,0.964840829372406,0.938195691506068,"[0.0, 80]",73.59972733259201
umbrella_sbx_polynomial_run04,4,32,30,30,-0.964840829372406,3.0,-0.9366546253363291,13.266666666666667,0.964840829372406,0.9366546253363291,"[0.0, 80]",73.60039585828781
umbrella_sbx_polynomial_run04,4,33,30,30,-0.964840829372406,3.0,-0.9391865054766337,13.5,0.964840829372406,0.9391865054766337,"[0.0, 80]",73.61301547288895
umbrella_sbx_polynomial_run04,4,34,30,30,-0.964840829372406,3.0,-0.9394598484039307,13.6,0.964840829372406,0.9394598484039307,"[0.0, 80]",73.61301547288895
umbrella_sbx_polynomial_run04,4,35,30,30,-0.964840829372406,3.0,-0.9415231664975484,13.9,0.964840829372406,0.9415231664975484,"[0.0, 80]",73.61301547288895
umbrella_sbx_polynomial_run04,4,36,30,30,-0.964840829372406,3.0,-0.9419653534889221,13.933333333333334,0.964840829372406,0.9419653534889221,"[0.0, 80]",73.62039566040039
umbrella_sbx_polynomial_run04,4,37,30,30,-0.9649685621261597,3.0,-0.9420229474703471,13.9,0.9649685621261597,0.9420229474703471,"[0.0, 80]",73.62818735837936
umbrella_sbx_polynomial_run04,4,38,30,30,-0.9649685621261597,3.0,-0.9401336749394734,13.466666666666667,0.9649685621261597,0.9401336749394734,"[0.0, 80]",73.69064581394196
umbrella_sbx_polynomial_run04,4,39,30,30,-0.9649685621261597,3.0,-0.9402529935042063,13.466666666666667,0.9649685621261597,0.9402529935042063,"[0.0, 80]",73.69094622135162
umbrella_sbx_polynomial_run04,4,40,30,30,-0.9649685621261597,3.0,-0.9409943759441376,13.466666666666667,0.9649685621261597,0.9409943759441376,"[0.0, 80]",73.69094622135162
umbrella_sbx_polynomial_run04,4,41,30,30,-0.9649685621261597,3.0,-0.9440283119678498,13.733333333333333,0.9649685621261597,0.9440283119678498,"[0.0, 80]",73.69211959838867
umbrella_sbx_polynomial_run04,4,42,30,30,-0.9649685621261597,3.0,-0.9440758148829143,13.733333333333333,0.9649685621261597,0.9440758148829143,"[0.0, 80]",73.69211959838867
umbrella_sbx_polynomial_run04,4,43,30,30,-0.9649685621261597,3.0,-0.9446896950403849,13.966666666666667,0.9649685621261597,0.9446896950403849,"[0.0, 80]",73.69293975830078
umbrella_sbx_polynomial_run04,4,44,30,30,-0.9649685621261597,3.0,-0.9445562760035197,13.766666666666667,0.9649685621261597,0.9445562760035197,"[0.0, 80]",73.7201155424118
umbrella_sbx_polynomial_run04,4,45,30,30,-0.9649685621261597,3.0,-0.9512603362401326,15.4,0.9649685621261597,0.9512603362401326,"[0.0, 80]",73.72482031583786
umbrella_sbx_polynomial_run04,4,46,30,30,-0.9649685621261597,3.0,-0.9513922909895579,15.4,0.9649685621261597,0.9513922909895579,"[0.0, 80]",73.72756749391556
umbrella_sbx_polynomial_run04,4,47,30,30,-0.9649685621261597,3.0,-0.9503381232420604,15.066666666666666,0.9649685621261597,0.9503381232420604,"[0.0, 80]",73.72955226898193
umbrella_sbx_polynomial_run04,4,48,30,30,-0.9649685621261597,3.0,-0.9518819749355316,15.4,0.9649685621261597,0.9518819749355316,"[0.0, 80]",73.73849529027939
umbrella_sbx_polynomial_run04,4,49,30,30,-0.9649685621261597,3.0,-0.9469337681929271,14.2,0.9649685621261597,0.9469337681929271,"[0.0, 80]",73.73849529027939
umbrella_sbx_polynomial_run05,5,0,30,29,-0.8793272376060486,12.0,-0.6179679621910227,56.0,0.8793272376060486,0.6179679621910227,"[0.0, 80]",57.336867809295654
umbrella_sbx_polynomial_run05,5,1,30,30,-0.9303669333457947,12.0,-0.7108627994855244,36.1,0.9303669333457947,0.7108627994855244,"[0.0, 80]",60.07831883430481
umbrella_sbx_polynomial_run05,5,2,30,30,-0.9421427249908447,10.0,-0.7331576387087504,26.266666666666666,0.9421427249908447,0.7331576387087504,"[0.0, 80]",64.19469675421715
umbrella_sbx_polynomial_run05,5,3,30,30,-0.9428219199180603,10.0,-0.7043320248524348,24.666666666666668,0.9428219199180603,0.7043320248524348,"[0.0, 80]",64.98047703504562
umbrella_sbx_polynomial_run05,5,4,30,30,-0.9428219199180603,7.0,-0.7251069843769073,25.033333333333335,0.9428219199180603,0.7251069843769073,"[0.0, 80]",66.60957339406013
umbrella_sbx_polynomial_run05,5,5,30,30,-0.9428219199180603,7.0,-0.8031586279471715,29.966666666666665,0.9428219199180603,0.8031586279471715,"[0.0, 80]",66.66792079806328
umbrella_sbx_polynomial_run05,5,6,30,30,-0.9428219199180603,7.0,-0.8413312981526057,26.966666666666665,0.9428219199180603,0.8413312981526057,"[0.0, 80]",67.68197903037071
umbrella_sbx_polynomial_run05,5,7,30,30,-0.9492433667182922,7.0,-0.8036804666121801,13.8,0.9492433667182922,0.8036804666121801,"[0.0, 80]",68.20729586482048
umbrella_sbx_polynomial_run05,5,8,30,30,-0.9507812261581421,7.0,-0.7856576959292094,13.533333333333333,0.9507812261581421,0.7856576959292094,"[0.0, 80]",68.3113451898098
umbrella_sbx_polynomial_run05,5,9,30,30,-0.9507812261581421,7.0,-0.8076621443033218,10.7,0.9507812261581421,0.8076621443033218,"[0.0, 80]",68.8513833284378
umbrella_sbx_polynomial_run05,5,10,30,30,-0.9558447003364563,7.0,-0.8617477317651113,11.033333333333333,0.9558447003364563,0.8617477317651113,"[0.0, 80]",69.59398001432419
umbrella_sbx_polynomial_run05,5,11,30,30,-0.9560676217079163,7.0,-0.9080134173234303,11.433333333333334,0.9560676217079163,0.9080134173234303,"[0.0, 80]",69.66782987117767
umbrella_sbx_polynomial_run05,5,12,30,30,-0.9560676217079163,7.0,-0.9323985278606415,11.833333333333334,0.9560676217079163,0.9323985278606415,"[0.0, 80]",69.67061704397202
umbrella_sbx_polynomial_run05,5,13,30,30,-0.9560676217079163,6.0,-0.9218171258767446,12.1,0.9560676217079163,0.9218171258767446,"[0.0, 80]",70.1878936290741
umbrella_sbx_polynomial_run05,5,14,30,30,-0.9582744240760803,6.0,-0.8873282591501872,12.3,0.9582744240760803,0.8873282591501872,"[0.0, 80]",70.32101327180862
umbrella_sbx_polynomial_run05,5,15,30,30,-0.9582744240760803,6.0,-0.8493409524361293,11.666666666666666,0.9582744240760803,0.8493409524361293,"[0.0, 80]",70.32302957773209
umbrella_sbx_polynomial_run05,5,16,30,30,-0.9584068059921265,5.0,-0.87656825085481,11.5,0.9584068059921265,0.87656825085481,"[0.0, 80]",71.41804766654968
umbrella_sbx_polynomial_run05,5,17,30,30,-0.9584068059921265,5.0,-0.8977761964003245,11.566666666666666,0.9584068059921265,0.8977761964003245,"[0.0, 80]",71.41814535856247
umbrella_sbx_polynomial_run05,5,18,30,30,-0.9586871862411499,5.0,-0.9021255811055501,10.966666666666667,0.9586871862411499,0.9021255811055501,"[0.0, 80]",71.43440741300583
umbrella_sbx_polynomial_run05,5,19,30,30,-0.9590980410575867,5.0,-0.9029160916805268,10.1,0.9590980410575867,0.9029160916805268,"[0.0, 80]",71.66382694244385
umbrella_sbx_polynomial_run05,5,20,30,30,-0.9590980410575867,5.0,-0.923501028617223,10.766666666666667,0.9590980410575867,0.923501028617223,"[0.0, 80]",71.66750693321228
umbrella_sbx_polynomial_run05,5,21,30,30,-0.9591125249862671,4.0,-0.9086659580469132,10.633333333333333,0.9591125249862671,0.9086659580469132,"[0.0, 80]",71.9227344095707
umbrella_sbx_polynomial_run05,5,22,30,30,-0.9591125249862671,4.0,-0.9073893417914708,10.7,0.9591125249862671,0.9073893417914708,"[0.0, 80]",72.47754889726639
umbrella_sbx_polynomial_run05,5,23,30,30,-0.9591125249862671,4.0,-0.906114038825035,11.433333333333334,0.9591125249862671,0.906114038825035,"[0.0, 80]",72.50398111343384
umbrella_sbx_polynomial_run05,5,24,30,30,-0.9591125249862671,4.0,-0.9275939087073009,11.466666666666667,0.9591125249862671,0.9275939087073009,"[0.0, 80]",72.50479412078857
umbrella_sbx_polynomial_run05,5,25,30,30,-0.959129810333252,4.0,-0.9208566387494405,10.466666666666667,0.959129810333252,0.9208566387494405,"[0.0, 80]",72.5057966709137
umbrella_sbx_polynomial_run05,5,26,30,30,-0.959129810333252,4.0,-0.918792724609375,10.2,0.959129810333252,0.918792724609375,"[0.0, 80]",72.50636321306229
umbrella_sbx_polynomial_run05,5,27,30,30,-0.959129810333252,4.0,-0.9172489782174428,10.9,0.959129810333252,0.9172489782174428,"[0.0, 80]",72.5132856965065
umbrella_sbx_polynomial_run05,5,28,30,30,-0.959129810333252,4.0,-0.9197609504063924,10.233333333333333,0.959129810333252,0.9197609504063924,"[0.0, 80]",72.51384645700455
umbrella_sbx_polynomial_run05,5,29,30,30,-0.959129810333252,4.0,-0.925751660267512,10.866666666666667,0.959129810333252,0.925751660267512,"[0.0, 80]",72.5194645524025
umbrella_sbx_polynomial_run05,5,30,30,30,-0.959129810333252,4.0,-0.9286492506663004,11.866666666666667,0.959129810333252,0.9286492506663004,"[0.0, 80]",72.53198051452637
umbrella_sbx_polynomial_run05,5,31,30,30,-0.9593521952629089,4.0,-0.9276995877424876,11.566666666666666,0.9593521952629089,0.9276995877424876,"[0.0, 80]",72.54924339056015
umbrella_sbx_polynomial_run05,5,32,30,30,-0.9593521952629089,4.0,-0.930483094851176,12.166666666666666,0.9593521952629089,0.930483094851176,"[0.0, 80]",72.54924339056015
umbrella_sbx_polynomial_run05,5,33,30,30,-0.9594615697860718,4.0,-0.9287390987078349,10.4,0.9594615697860718,0.9287390987078349,"[0.0, 80]",72.5555871129036
umbrella_sbx_polynomial_run05,5,34,30,30,-0.9594615697860718,4.0,-0.9295970598856608,10.2,0.9594615697860718,0.9295970598856608,"[0.0, 80]",72.55748987197876
umbrella_sbx_polynomial_run05,5,35,30,30,-0.9594615697860718,3.0,-0.9209927479426067,9.833333333333334,0.9594615697860718,0.9209927479426067,"[0.0, 80]",73.24608755111694
umbrella_sbx_polynomial_run05,5,36,30,30,-0.9594615697860718,3.0,-0.9129636704921722,9.5,0.9594615697860718,0.9129636704921722,"[0.0, 80]",73.25401312112808
umbrella_sbx_polynomial_run05,5,37,30,30,-0.9594615697860718,3.0,-0.905124016602834,9.166666666666666,0.9594615697860718,0.905124016602834,"[0.0, 80]",73.2566636800766
umbrella_sbx_polynomial_run05,5,38,30,30,-0.9594615697860718,3.0,-0.906902156273524,9.266666666666667,0.9594615697860718,0.906902156273524,"[0.0, 80]",73.27149707078934
umbrella_sbx_polynomial_run05,5,39,30,30,-0.9595630764961243,3.0,-0.9058887879053752,9.2,0.9595630764961243,0.9058887879053752,"[0.0, 80]",73.27738445997238
umbrella_sbx_polynomial_run05,5,40,30,30,-0.9595630764961243,3.0,-0.9038658380508423,9.266666666666667,0.9595630764961243,0.9038658380508423,"[0.0, 80]",73.28076475858688
umbrella_sbx_polynomial_run05,5,41,30,30,-0.9595630764961243,3.0,-0.8966986874739329,9.433333333333334,0.9595630764961243,0.8966986874739329,"[0.0, 80]",73.28076475858688
umbrella_sbx_polynomial_run05,5,42,30,30,-0.9595630764961243,3.0,-0.8967026909192403,9.433333333333334,0.9595630764961243,0.8967026909192403,"[0.0, 80]",73.28076475858688
umbrella_sbx_polynomial_run05,5,43,30,30,-0.9595630764961243,3.0,-0.9001455982526143,9.366666666666667,0.9595630764961243,0.9001455982526143,"[0.0, 80]",73.28485095500946
umbrella_sbx_polynomial_run05,5,44,30,30,-0.9595630764961243,3.0,-0.9145214517911275,10.033333333333333,0.9595630764961243,0.9145214517911275,"[0.0, 80]",73.28485095500946
umbrella_sbx_polynomial_run05,5,45,30,30,-0.9595630764961243,3.0,-0.902752943833669,8.7,0.9595630764961243,0.902752943833669,"[0.0, 80]",73.2853496670723
umbrella_sbx_polynomial_run05,5,46,30,30,-0.9595630764961243,3.0,-0.9043885886669158,9.233333333333333,0.9595630764961243,0.9043885886669158,"[0.0, 80]",73.2853496670723
umbrella_sbx_polynomial_run05,5,47,30,30,-0.9595630764961243,3.0,-0.907869154214859,9.0,0.9595630764961243,0.907869154214859,"[0.0, 80]",73.2853496670723
umbrella_sbx_polynomial_run05,5,48,30,30,-0.9595630764961243,3.0,-0.917811385790507,10.133333333333333,0.9595630764961243,0.917811385790507,"[0.0, 80]",73.2858978509903
umbrella_sbx_polynomial_run05,5,49,30,30,-0.9595630764961243,3.0,-0.9044868737459183,10.433333333333334,0.9595630764961243,0.9044868737459183,"[0.0, 80]",73.28770732879639
umbrella_sbx_polynomial_run06,6,0,30,28,-0.9018218517303467,6.0,-0.5980677157640457,53.607142857142854,0.9018218517303467,0.5980677157640457,"[0.0, 80]",56.55108708143234
umbrella_sbx_polynomial_run06,6,1,30,30,-0.9018218517303467,6.0,-0.6744642436504364,38.833333333333336,0.9018218517303467,0.6744642436504364,"[0.0, 80]",59.24311265349388
umbrella_sbx_polynomial_run06,6,2,30,30,-0.9053791165351868,6.0,-0.7084095944960912,33.2,0.9053791165351868,0.7084095944960912,"[0.0, 80]",59.34983929991722
umbrella_sbx_polynomial_run06,6,3,30,30,-0.9053791165351868,6.0,-0.7256875187158585,30.8,0.9053791165351868,0.7256875187158585,"[0.0, 80]",62.134253561496735
umbrella_sbx_polynomial_run06,6,4,30,30,-0.9322966933250427,6.0,-0.7307489196459452,29.1,0.9322966933250427,0.7307489196459452,"[0.0, 80]",66.18623971939087
umbrella_sbx_polynomial_run06,6,5,30,30,-0.935674786567688,6.0,-0.7618897259235382,30.466666666666665,0.935674786567688,0.7618897259235382,"[0.0, 80]",66.66458088159561
umbrella_sbx_polynomial_run06,6,6,30,30,-0.935674786567688,6.0,-0.8062397867441178,31.4,0.935674786567688,0.8062397867441178,"[0.0, 80]",67.20923936367035
umbrella_sbx_polynomial_run06,6,7,30,30,-0.935674786567688,6.0,-0.7982713351647059,24.233333333333334,0.935674786567688,0.7982713351647059,"[0.0, 80]",67.81889587640762
umbrella_sbx_polynomial_run06,6,8,30,30,-0.935674786567688,6.0,-0.8111660619576772,22.233333333333334,0.935674786567688,0.8111660619576772,"[0.0, 80]",68.0362120270729
umbrella_sbx_polynomial_run06,6,9,30,30,-0.9375351667404175,6.0,-0.8211279074350993,18.233333333333334,0.9375351667404175,0.8211279074350993,"[0.0, 80]",68.20044589042664
umbrella_sbx_polynomial_run06,6,10,30,30,-0.9375351667404175,6.0,-0.8295651793479919,14.733333333333333,0.9375351667404175,0.8295651793479919,"[0.0, 80]",68.30336570739746
umbrella_sbx_polynomial_run06,6,11,30,30,-0.9375351667404175,6.0,-0.8441264629364014,12.733333333333333,0.9375351667404175,0.8441264629364014,"[0.0, 80]",68.41664242744446
umbrella_sbx_polynomial_run06,6,12,30,30,-0.9375351667404175,5.0,-0.8375097066164017,12.6,0.9375351667404175,0.8375097066164017,"[0.0, 80]",68.82753798365593
umbrella_sbx_polynomial_run06,6,13,30,30,-0.938031017780304,5.0,-0.820071276028951,11.733333333333333,0.938031017780304,0.820071276028951,"[0.0, 80]",68.92631486058235
umbrella_sbx_polynomial_run06,6,14,30,30,-0.938741147518158,5.0,-0.7940227707227071,11.033333333333333,0.938741147518158,0.7940227707227071,"[0.0, 80]",68.9703429043293
umbrella_sbx_polynomial_run06,6,15,30,30,-0.938741147518158,5.0,-0.7678040047486623,10.033333333333333,0.938741147518158,0.7678040047486623,"[0.0, 80]",69.00033068656921
umbrella_sbx_polynomial_run06,6,16,30,30,-0.938741147518158,5.0,-0.7950675795475642,10.8,0.938741147518158,0.7950675795475642,"[0.0, 80]",69.00345695018768
umbrella_sbx_polynomial_run06,6,17,30,30,-0.9387546181678772,5.0,-0.7762191812197368,10.166666666666666,0.9387546181678772,0.7762191812197368,"[0.0, 80]",69.07542049884796
umbrella_sbx_polynomial_run06,6,18,30,30,-0.9391602873802185,5.0,-0.778964082400004,9.9,0.9391602873802185,0.778964082400004,"[0.0, 80]",69.18203639984131
umbrella_sbx_polynomial_run06,6,19,30,30,-0.9391602873802185,4.0,-0.8202571074167887,10.3,0.9391602873802185,0.8202571074167887,"[0.0, 80]",70.11537897586823
umbrella_sbx_polynomial_run06,6,20,30,30,-0.9391602873802185,4.0,-0.8251995742321014,10.3,0.9391602873802185,0.8251995742321014,"[0.0, 80]",70.11537897586823
umbrella_sbx_polynomial_run06,6,21,30,30,-0.9391602873802185,4.0,-0.8294142643610637,10.366666666666667,0.9391602873802185,0.8294142643610637,"[0.0, 80]",70.1490888595581
umbrella_sbx_polynomial_run06,6,22,30,30,-0.9391602873802185,4.0,-0.8377092321713765,9.933333333333334,0.9391602873802185,0.8377092321713765,"[0.0, 80]",70.20951908826828
umbrella_sbx_polynomial_run06,6,23,30,30,-0.9391602873802185,3.0,-0.8420876185099284,10.466666666666667,0.9391602873802185,0.8420876185099284,"[0.0, 80]",70.56099331378937
umbrella_sbx_polynomial_run06,6,24,30,30,-0.9395636320114136,3.0,-0.8254756699005763,10.2,0.9395636320114136,0.8254756699005763,"[0.0, 80]",70.62241128087044
umbrella_sbx_polynomial_run06,6,25,30,30,-0.9395636320114136,3.0,-0.7913543403148651,9.966666666666667,0.9395636320114136,0.7913543403148651,"[0.0, 80]",70.62301716208458
umbrella_sbx_polynomial_run06,6,26,30,30,-0.9398603439331055,3.0,-0.7909616967042287,9.9,0.9398603439331055,0.7909616967042287,"[0.0, 80]",70.64293798804283
umbrella_sbx_polynomial_run06,6,27,30,30,-0.9398603439331055,3.0,-0.778718035419782,8.9,0.9398603439331055,0.778718035419782,"[0.0, 80]",70.64293798804283
umbrella_sbx_polynomial_run06,6,28,30,30,-0.9400438070297241,3.0,-0.7860651791095734,9.2,0.9400438070297241,0.7860651791095734,"[0.0, 80]",70.66318663954735
umbrella_sbx_polynomial_run06,6,29,30,30,-0.9400438070297241,3.0,-0.786528667807579,9.2,0.9400438070297241,0.786528667807579,"[0.0, 80]",70.66977351903915
umbrella_sbx_polynomial_run06,6,30,30,30,-0.940303385257721,3.0,-0.7892039070526758,9.366666666666667,0.940303385257721,0.7892039070526758,"[0.0, 80]",70.8738562464714
umbrella_sbx_polynomial_run06,6,31,30,30,-0.940303385257721,3.0,-0.7892070005337397,9.166666666666666,0.940303385257721,0.7892070005337397,"[0.0, 80]",70.88945642113686
umbrella_sbx_polynomial_run06,6,32,30,30,-0.940303385257721,3.0,-0.7943262318770091,9.333333333333334,0.940303385257721,0.7943262318770091,"[0.0, 80]",70.89540004730225
umbrella_sbx_polynomial_run06,6,33,30,30,-0.940303385257721,3.0,-0.809912946820259,10.2,0.940303385257721,0.809912946820259,"[0.0, 80]",70.91738983988762
umbrella_sbx_polynomial_run06,6,34,30,30,-0.940303385257721,3.0,-0.7908452788988749,9.733333333333333,0.940303385257721,0.7908452788988749,"[0.0, 80]",71.33669525384903
umbrella_sbx_polynomial_run06,6,35,30,30,-0.940303385257721,3.0,-0.7968697180350621,9.733333333333333,0.940303385257721,0.7968697180350621,"[0.0, 80]",71.34000462293625
umbrella_sbx_polynomial_run06,6,36,30,30,-0.940303385257721,3.0,-0.8139261772235235,10.166666666666666,0.940303385257721,0.8139261772235235,"[0.0, 80]",71.46823841333389
umbrella_sbx_polynomial_run06,6,37,30,30,-0.940303385257721,3.0,-0.8282558540503184,10.6,0.940303385257721,0.8282558540503184,"[0.0, 80]",71.55860471725464
umbrella_sbx_polynomial_run06,6,38,30,30,-0.940303385257721,3.0,-0.8537594596544902,11.066666666666666,0.940303385257721,0.8537594596544902,"[0.0, 80]",71.61018866300583
umbrella_sbx_polynomial_run06,6,39,30,30,-0.940303385257721,3.0,-0.8856368442376454,11.533333333333333,0.940303385257721,0.8856368442376454,"[0.0, 80]",71.87398529052734
umbrella_sbx_polynomial_run06,6,40,30,30,-0.940303385257721,3.0,-0.873644373814265,11.533333333333333,0.940303385257721,0.873644373814265,"[0.0, 80]",71.87616038322449
umbrella_sbx_polynomial_run06,6,41,30,30,-0.940303385257721,3.0,-0.8912908057371776,12.0,0.940303385257721,0.8912908057371776,"[0.0, 80]",71.88447672128677
umbrella_sbx_polynomial_run06,6,42,30,30,-0.940303385257721,3.0,-0.8901398698488872,11.5,0.940303385257721,0.8901398698488872,"[0.0, 80]",71.88447672128677
umbrella_sbx_polynomial_run06,6,43,30,30,-0.940303385257721,3.0,-0.8941476245721182,12.066666666666666,0.940303385257721,0.8941476245721182,"[0.0, 80]",71.88494366407394
umbrella_sbx_polynomial_run06,6,44,30,30,-0.940303385257721,3.0,-0.9041033605734508,12.166666666666666,0.940303385257721,0.9041033605734508,"[0.0, 80]",71.93778735399246
umbrella_sbx_polynomial_run06,6,45,30,30,-0.940303385257721,3.0,-0.9068814059098561,12.3,0.940303385257721,0.9068814059098561,"[0.0, 80]",71.93831074237823
umbrella_sbx_polynomial_run06,6,46,30,30,-0.940303385257721,3.0,-0.9099535624186198,12.733333333333333,0.940303385257721,0.9099535624186198,"[0.0, 80]",71.95722490549088
umbrella_sbx_polynomial_run06,6,47,30,30,-0.940303385257721,3.0,-0.9186853726704916,13.233333333333333,0.940303385257721,0.9186853726704916,"[0.0, 80]",71.95723128318787
umbrella_sbx_polynomial_run06,6,48,30,30,-0.940303385257721,3.0,-0.9291963001092275,14.866666666666667,0.940303385257721,0.9291963001092275,"[0.0, 80]",71.95944631099701
umbrella_sbx_polynomial_run06,6,49,30,30,-0.940303385257721,3.0,-0.9293360054492951,14.866666666666667,0.940303385257721,0.9293360054492951,"[0.0, 80]",71.9677265882492
umbrella_sbx_polynomial_run07,7,0,30,28,-0.9224032163619995,9.0,-0.6066070316093308,56.82142857142857,0.9224032163619995,0.6066070316093308,"[0.0, 80]",50.863678336143494
umbrella_sbx_polynomial_run07,7,1,30,30,-0.9224032163619995,9.0,-0.7068566918373108,42.03333333333333,0.9224032163619995,0.7068566918373108,"[0.0, 80]",59.78886127471924
umbrella_sbx_polynomial_run07,7,2,30,30,-0.9224032163619995,9.0,-0.70778994957606,32.3,0.9224032163619995,0.70778994957606,"[0.0, 80]",62.56027913093567
umbrella_sbx_polynomial_run07,7,3,30,30,-0.9371426105499268,9.0,-0.6609882245461146,25.3,0.9371426105499268,0.6609882245461146,"[0.0, 80]",65.17137920856476
umbrella_sbx_polynomial_run07,7,4,30,30,-0.9490296840667725,9.0,-0.7152046173810959,21.7,0.9490296840667725,0.7152046173810959,"[0.0, 80]",65.97675323486328
umbrella_sbx_polynomial_run07,7,5,30,30,-0.9490296840667725,9.0,-0.7711455563704173,21.7,0.9490296840667725,0.7711455563704173,"[0.0, 80]",66.7475945353508
umbrella_sbx_polynomial_run07,7,6,30,30,-0.9490296840667725,9.0,-0.8258038818836212,20.333333333333332,0.9490296840667725,0.8258038818836212,"[0.0, 80]",67.16420298814774
umbrella_sbx_polynomial_run07,7,7,30,30,-0.9503286480903625,8.0,-0.8631049076716105,20.433333333333334,0.9503286480903625,0.8631049076716105,"[0.0, 80]",67.77632641792297
umbrella_sbx_polynomial_run07,7,8,30,30,-0.9537621736526489,8.0,-0.8803448379039764,19.566666666666666,0.9537621736526489,0.8803448379039764,"[0.0, 80]",68.34026443958282
umbrella_sbx_polynomial_run07,7,9,30,30,-0.9592598080635071,8.0,-0.8585579991340637,12.933333333333334,0.9592598080635071,0.8585579991340637,"[0.0, 80]",68.69954764842987
umbrella_sbx_polynomial_run07,7,10,30,30,-0.9595750570297241,8.0,-0.8497626940409343,11.233333333333333,0.9595750570297241,0.8497626940409343,"[0.0, 80]",68.76067817211151
umbrella_sbx_polynomial_run07,7,11,30,30,-0.9653079509735107,7.0,-0.8807027896245321,11.233333333333333,0.9653079509735107,0.8807027896245321,"[0.0, 80]",69.94588714838028
umbrella_sbx_polynomial_run07,7,12,30,30,-0.9653079509735107,7.0,-0.8887440224488576,11.166666666666666,0.9653079509735107,0.8887440224488576,"[0.0, 80]",70.0035166144371
umbrella_sbx_polynomial_run07,7,13,30,30,-0.9674474596977234,7.0,-0.88356285293897,10.833333333333334,0.9674474596977234,0.88356285293897,"[0.0, 80]",70.15898978710175
umbrella_sbx_polynomial_run07,7,14,30,30,-0.9674474596977234,6.0,-0.8775304198265076,10.5,0.9674474596977234,0.8775304198265076,"[0.0, 80]",70.5719695687294
umbrella_sbx_polynomial_run07,7,15,30,30,-0.9674474596977234,6.0,-0.8516425271828969,10.433333333333334,0.9674474596977234,0.8516425271828969,"[0.0, 80]",70.57786083221436
umbrella_sbx_polynomial_run07,7,16,30,30,-0.9680864214897156,5.0,-0.7990264902512233,9.966666666666667,0.9680864214897156,0.7990264902512233,"[0.0, 80]",70.94777446985245
umbrella_sbx_polynomial_run07,7,17,30,30,-0.9693408608436584,5.0,-0.7819147060314814,9.5,0.9693408608436584,0.7819147060314814,"[0.0, 80]",71.07685804367065
umbrella_sbx_polynomial_run07,7,18,30,30,-0.9693408608436584,4.0,-0.7796446839968364,9.5,0.9693408608436584,0.7796446839968364,"[0.0, 80]",72.22893625497818
umbrella_sbx_polynomial_run07,7,19,30,30,-0.9693408608436584,4.0,-0.80330837170283,9.433333333333334,0.9693408608436584,0.80330837170283,"[0.0, 80]",72.24533349275589
umbrella_sbx_polynomial_run07,7,20,30,30,-0.9698440432548523,4.0,-0.7800405621528625,8.9,0.9698440432548523,0.7800405621528625,"[0.0, 80]",72.37620270252228
umbrella_sbx_polynomial_run07,7,21,30,30,-0.9698440432548523,4.0,-0.8029123733441035,9.166666666666666,0.9698440432548523,0.8029123733441035,"[0.0, 80]",72.4079669713974
umbrella_sbx_polynomial_run07,7,22,30,30,-0.9718838930130005,4.0,-0.8065685838460922,9.066666666666666,0.9718838930130005,0.8065685838460922,"[0.0, 80]",72.5445431470871
umbrella_sbx_polynomial_run07,7,23,30,30,-0.9718838930130005,4.0,-0.8285908728837967,9.166666666666666,0.9718838930130005,0.8285908728837967,"[0.0, 80]",72.91960287094116
umbrella_sbx_polynomial_run07,7,24,30,30,-0.9718838930130005,4.0,-0.8121539483467738,8.833333333333334,0.9718838930130005,0.8121539483467738,"[0.0, 80]",72.91960287094116
umbrella_sbx_polynomial_run07,7,25,30,30,-0.9718838930130005,4.0,-0.8095317075649897,8.833333333333334,0.9718838930130005,0.8095317075649897,"[0.0, 80]",72.91960287094116
umbrella_sbx_polynomial_run07,7,26,30,30,-0.9737786054611206,4.0,-0.7964405039946238,8.633333333333333,0.9737786054611206,0.7964405039946238,"[0.0, 80]",73.13290077447891
umbrella_sbx_polynomial_run07,7,27,30,30,-0.9737786054611206,4.0,-0.7665517677863439,8.433333333333334,0.9737786054611206,0.7665517677863439,"[0.0, 80]",73.13290077447891
umbrella_sbx_polynomial_run07,7,28,30,30,-0.9737786054611206,3.0,-0.7768567810455959,8.433333333333334,0.9737786054611206,0.7768567810455959,"[0.0, 80]",73.41476693749428
umbrella_sbx_polynomial_run07,7,29,30,30,-0.9737786054611206,3.0,-0.7643196483453115,8.1,0.9737786054611206,0.7643196483453115,"[0.0, 80]",73.41494610905647
umbrella_sbx_polynomial_run07,7,30,30,30,-0.9737786054611206,3.0,-0.7803885648647945,8.166666666666666,0.9737786054611206,0.7803885648647945,"[0.0, 80]",73.55629143118858
umbrella_sbx_polynomial_run07,7,31,30,30,-0.9737786054611206,3.0,-0.7690036823352178,8.033333333333333,0.9737786054611206,0.7690036823352178,"[0.0, 80]",73.71365758776665
umbrella_sbx_polynomial_run07,7,32,30,30,-0.9737786054611206,3.0,-0.7804841071367263,8.566666666666666,0.9737786054611206,0.7804841071367263,"[0.0, 80]",73.71365758776665
umbrella_sbx_polynomial_run07,7,33,30,30,-0.9737786054611206,3.0,-0.7860066960255305,8.533333333333333,0.9737786054611206,0.7860066960255305,"[0.0, 80]",73.7152564227581
umbrella_sbx_polynomial_run07,7,34,30,30,-0.9737786054611206,3.0,-0.7782898217439651,8.133333333333333,0.9737786054611206,0.7782898217439651,"[0.0, 80]",73.73767605423927
umbrella_sbx_polynomial_run07,7,35,30,30,-0.9737786054611206,3.0,-0.7825482120116551,7.9,0.9737786054611206,0.7825482120116551,"[0.0, 80]",73.79168730974197
umbrella_sbx_polynomial_run07,7,36,30,30,-0.9737786054611206,3.0,-0.7774876127640407,7.833333333333333,0.9737786054611206,0.7774876127640407,"[0.0, 80]",73.79443484544754
umbrella_sbx_polynomial_run07,7,37,30,30,-0.9737786054611206,3.0,-0.8130625466505687,8.7,0.9737786054611206,0.8130625466505687,"[0.0, 80]",73.79484161734581
umbrella_sbx_polynomial_run07,7,38,30,30,-0.9737786054611206,3.0,-0.8189835965633392,9.033333333333333,0.9737786054611206,0.8189835965633392,"[0.0, 80]",73.87713041901588
umbrella_sbx_polynomial_run07,7,39,30,30,-0.9737786054611206,3.0,-0.8360251635313034,9.2,0.9737786054611206,0.8360251635313034,"[0.0, 80]",73.89354556798935
umbrella_sbx_polynomial_run07,7,40,30,30,-0.9737786054611206,3.0,-0.8621220161517461,10.133333333333333,0.9737786054611206,0.8621220161517461,"[0.0, 80]",73.89354556798935
umbrella_sbx_polynomial_run07,7,41,30,30,-0.9737786054611206,3.0,-0.8488081663846969,10.066666666666666,0.9737786054611206,0.8488081663846969,"[0.0, 80]",73.89354556798935
umbrella_sbx_polynomial_run07,7,42,30,30,-0.9737786054611206,3.0,-0.8472980340321858,9.833333333333334,0.9737786054611206,0.8472980340321858,"[0.0, 80]",73.89410203695297
umbrella_sbx_polynomial_run07,7,43,30,30,-0.9752301573753357,3.0,-0.8517691443363825,9.866666666666667,0.9752301573753357,0.8517691443363825,"[0.0, 80]",73.99352163076401
umbrella_sbx_polynomial_run07,7,44,30,30,-0.9752301573753357,3.0,-0.8431729247172673,9.633333333333333,0.9752301573753357,0.8431729247172673,"[0.0, 80]",73.99352163076401
umbrella_sbx_polynomial_run07,7,45,30,30,-0.9752301573753357,3.0,-0.8543456604083379,9.566666666666666,0.9752301573753357,0.8543456604083379,"[0.0, 80]",74.54497784376144
umbrella_sbx_polynomial_run07,7,46,30,30,-0.9752301573753357,3.0,-0.883460940917333,9.4,0.9752301573753357,0.883460940917333,"[0.0, 80]",74.54497784376144
umbrella_sbx_polynomial_run07,7,47,30,30,-0.9752301573753357,3.0,-0.8797167062759399,9.066666666666666,0.9752301573753357,0.8797167062759399,"[0.0, 80]",74.54497784376144
umbrella_sbx_polynomial_run07,7,48,30,30,-0.9752301573753357,3.0,-0.8773026982943217,8.466666666666667,0.9752301573753357,0.8773026982943217,"[0.0, 80]",74.54497784376144
umbrella_sbx_polynomial_run07,7,49,30,30,-0.9752301573753357,3.0,-0.9182140827178955,8.866666666666667,0.9752301573753357,0.9182140827178955,"[0.0, 80]",74.587067425251
umbrella_sbx_polynomial_run08,8,0,30,28,-0.9547778964042664,6.0,-0.6279486726437297,58.857142857142854,0.9547778964042664,0.6279486726437297,"[0.0, 80]",65.54120790958405
umbrella_sbx_polynomial_run08,8,1,30,30,-0.9547778964042664,5.0,-0.7102623085180918,38.96666666666667,0.9547778964042664,0.7102623085180918,"[0.0, 80]",66.40282589197159
umbrella_sbx_polynomial_run08,8,2,30,30,-0.9547778964042664,5.0,-0.6683150480190913,26.066666666666666,0.9547778964042664,0.6683150480190913,"[0.0, 80]",66.84918493032455
umbrella_sbx_polynomial_run08,8,3,30,30,-0.9547778964042664,5.0,-0.6981618990500768,23.1,0.9547778964042664,0.6981618990500768,"[0.0, 80]",68.90863788127899
umbrella_sbx_polynomial_run08,8,4,30,30,-0.9547778964042664,4.0,-0.6589888562758763,15.0,0.9547778964042664,0.6589888562758763,"[0.0, 80]",69.20332425832748
umbrella_sbx_polynomial_run08,8,5,30,30,-0.9547778964042664,4.0,-0.6953036199013393,12.8,0.9547778964042664,0.6953036199013393,"[0.0, 80]",70.99881678819656
umbrella_sbx_polynomial_run08,8,6,30,30,-0.9547778964042664,4.0,-0.7071610937515894,9.633333333333333,0.9547778964042664,0.7071610937515894,"[0.0, 80]",71.26622658967972
umbrella_sbx_polynomial_run08,8,7,30,30,-0.9547778964042664,4.0,-0.7282640794912975,9.733333333333333,0.9547778964042664,0.7282640794912975,"[0.0, 80]",71.27008092403412
umbrella_sbx_polynomial_run08,8,8,30,30,-0.9553688764572144,4.0,-0.8027820626894633,10.666666666666666,0.9553688764572144,0.8027820626894633,"[0.0, 80]",71.35169485211372
umbrella_sbx_polynomial_run08,8,9,30,30,-0.9569699168205261,4.0,-0.8614895224571228,11.8,0.9569699168205261,0.8614895224571228,"[0.0, 80]",71.83347624540329
umbrella_sbx_polynomial_run08,8,10,30,30,-0.9569699168205261,4.0,-0.8830950339635213,12.433333333333334,0.9569699168205261,0.8830950339635213,"[0.0, 80]",71.97556906938553
umbrella_sbx_polynomial_run08,8,11,30,30,-0.9569699168205261,4.0,-0.8622881501913071,11.333333333333334,0.9569699168205261,0.8622881501913071,"[0.0, 80]",72.02974390983582
umbrella_sbx_polynomial_run08,8,12,30,30,-0.9569699168205261,4.0,-0.8418725957473119,10.266666666666667,0.9569699168205261,0.8418725957473119,"[0.0, 80]",72.03190582990646
umbrella_sbx_polynomial_run08,8,13,30,30,-0.9569699168205261,3.0,-0.819002311428388,10.133333333333333,0.9569699168205261,0.819002311428388,"[0.0, 80]",72.39940375089645
umbrella_sbx_polynomial_run08,8,14,30,30,-0.9569699168205261,3.0,-0.8095447371403376,10.033333333333333,0.9569699168205261,0.8095447371403376,"[0.0, 80]",72.55102443695068
umbrella_sbx_polynomial_run08,8,15,30,30,-0.9569699168205261,3.0,-0.8151136964559555,9.966666666666667,0.9569699168205261,0.8151136964559555,"[0.0, 80]",72.56356585025787
umbrella_sbx_polynomial_run08,8,16,30,30,-0.9569699168205261,3.0,-0.8520710617303848,10.933333333333334,0.9569699168205261,0.8520710617303848,"[0.0, 80]",72.87965071201324
umbrella_sbx_polynomial_run08,8,17,30,30,-0.9569817185401917,3.0,-0.8675915777683259,10.7,0.9569817185401917,0.8675915777683259,"[0.0, 80]",72.88116437196732
umbrella_sbx_polynomial_run08,8,18,30,30,-0.9570175409317017,3.0,-0.8855038354794185,10.533333333333333,0.9570175409317017,0.8855038354794185,"[0.0, 80]",72.88806068897247
umbrella_sbx_polynomial_run08,8,19,30,30,-0.9570175409317017,3.0,-0.8988574763139089,10.3,0.9570175409317017,0.8988574763139089,"[0.0, 80]",72.91588723659515
umbrella_sbx_polynomial_run08,8,20,30,30,-0.9570175409317017,3.0,-0.8993742009003957,10.266666666666667,0.9570175409317017,0.8993742009003957,"[0.0, 80]",72.91588723659515
umbrella_sbx_polynomial_run08,8,21,30,30,-0.9570948481559753,3.0,-0.9089215377966563,10.466666666666667,0.9570948481559753,0.9089215377966563,"[0.0, 80]",72.92646759748459
umbrella_sbx_polynomial_run08,8,22,30,30,-0.9589521884918213,3.0,-0.9065186560153962,10.233333333333333,0.9589521884918213,0.9065186560153962,"[0.0, 80]",73.03790801763535
umbrella_sbx_polynomial_run08,8,23,30,30,-0.9589521884918213,3.0,-0.8992999017238616,10.233333333333333,0.9589521884918213,0.8992999017238616,"[0.0, 80]",73.03790801763535
umbrella_sbx_polynomial_run08,8,24,30,30,-0.9589521884918213,3.0,-0.9040646811326345,10.733333333333333,0.9589521884918213,0.9040646811326345,"[0.0, 80]",73.03810024261475
umbrella_sbx_polynomial_run08,8,25,30,30,-0.9589521884918213,3.0,-0.8995827376842499,10.2,0.9589521884918213,0.8995827376842499,"[0.0, 80]",73.04515480995178
umbrella_sbx_polynomial_run08,8,26,30,30,-0.9589751362800598,3.0,-0.8997736950715383,10.2,0.9589751362800598,0.8997736950715383,"[0.0, 80]",73.0475709438324
umbrella_sbx_polynomial_run08,8,27,30,30,-0.9589751362800598,3.0,-0.8979040304819743,9.833333333333334,0.9589751362800598,0.8979040304819743,"[0.0, 80]",73.0475709438324
umbrella_sbx_polynomial_run08,8,28,30,30,-0.9590157866477966,3.0,-0.8932976663112641,9.466666666666667,0.9590157866477966,0.8932976663112641,"[0.0, 80]",73.0520076751709
umbrella_sbx_polynomial_run08,8,29,30,30,-0.9593935608863831,3.0,-0.9049097180366517,10.366666666666667,0.9593935608863831,0.9049097180366517,"[0.0, 80]",73.12339675426483
umbrella_sbx_polynomial_run08,8,30,30,30,-0.9593935608863831,3.0,-0.8999131480852763,9.8,0.9593935608863831,0.8999131480852763,"[0.0, 80]",73.12339675426483
umbrella_sbx_polynomial_run08,8,31,30,30,-0.9593935608863831,3.0,-0.9037060717741648,9.666666666666666,0.9593935608863831,0.9037060717741648,"[0.0, 80]",73.1856660246849
umbrella_sbx_polynomial_run08,8,32,30,30,-0.9593935608863831,3.0,-0.9093868335088094,10.233333333333333,0.9593935608863831,0.9093868335088094,"[0.0, 80]",73.1856660246849
umbrella_sbx_polynomial_run08,8,33,30,30,-0.959487795829773,3.0,-0.9091312030951182,9.9,0.959487795829773,0.9091312030951182,"[0.0, 80]",73.1913201212883
umbrella_sbx_polynomial_run08,8,34,30,30,-0.959487795829773,3.0,-0.9291428009668986,11.733333333333333,0.959487795829773,0.9291428009668986,"[0.0, 80]",73.19843202829361
umbrella_sbx_polynomial_run08,8,35,30,30,-0.959487795829773,3.0,-0.9262537697950999,11.333333333333334,0.959487795829773,0.9262537697950999,"[0.0, 80]",73.20227015018463
umbrella_sbx_polynomial_run08,8,36,30,30,-0.959487795829773,3.0,-0.9235365450382232,11.166666666666666,0.959487795829773,0.9235365450382232,"[0.0, 80]",73.20249807834625
umbrella_sbx_polynomial_run08,8,37,30,30,-0.959487795829773,3.0,-0.9220697760581971,11.933333333333334,0.959487795829773,0.9220697760581971,"[0.0, 80]",73.20249807834625
umbrella_sbx_polynomial_run08,8,38,30,30,-0.959487795829773,3.0,-0.9220752278963725,11.933333333333334,0.959487795829773,0.9220752278963725,"[0.0, 80]",73.20249807834625
umbrella_sbx_polynomial_run08,8,39,30,30,-0.959487795829773,3.0,-0.9199666937192281,11.8,0.959487795829773,0.9199666937192281,"[0.0, 80]",73.20249807834625
umbrella_sbx_polynomial_run08,8,40,30,30,-0.959487795829773,3.0,-0.9230893770853679,12.3,0.959487795829773,0.9230893770853679,"[0.0, 80]",73.20249807834625
umbrella_sbx_polynomial_run08,8,41,30,30,-0.959487795829773,3.0,-0.9230897148450216,12.3,0.959487795829773,0.9230897148450216,"[0.0, 80]",73.20249807834625
umbrella_sbx_polynomial_run09,9,0,30,29,-0.9579089879989624,21.0,-0.5988741414300327,60.310344827586206,0.9579089879989624,0.5988741414300327,"[0.0, 80]",52.08553457260132
umbrella_sbx_polynomial_run09,9,1,30,30,-0.9579089879989624,21.0,-0.7002440770467122,45.0,0.9579089879989624,0.7002440770467122,"[0.0, 80]",55.350021719932556
umbrella_sbx_polynomial_run09,9,2,30,30,-0.9579089879989624,21.0,-0.7607733368873596,38.4,0.9579089879989624,0.7607733368873596,"[0.0, 80]",55.37055766582489
umbrella_sbx_polynomial_run09,9,3,30,30,-0.9598535299301147,19.0,-0.7839403649171194,34.7,0.9598535299301147,0.7839403649171194,"[0.0, 80]",57.81526571512222
umbrella_sbx_polynomial_run09,9,4,30,30,-0.9620001912117004,19.0,-0.8180587967236836,31.966666666666665,0.9620001912117004,0.8180587967236836,"[0.0, 80]",58.335223853588104
umbrella_sbx_polynomial_run09,9,5,30,30,-0.9620001912117004,11.0,-0.817760435740153,27.433333333333334,0.9620001912117004,0.817760435740153,"[0.0, 80]",63.048672795295715
umbrella_sbx_polynomial_run09,9,6,30,30,-0.9625288248062134,11.0,-0.841795967022578,23.366666666666667,0.9625288248062134,0.841795967022578,"[0.0, 80]",63.31145644187927
umbrella_sbx_polynomial_run09,9,7,30,30,-0.9625288248062134,11.0,-0.8173640131950378,21.566666666666666,0.9625288248062134,0.8173640131950378,"[0.0, 80]",63.619912981987
umbrella_sbx_polynomial_run09,9,8,30,30,-0.9736526012420654,11.0,-0.7988502711057663,17.566666666666666,0.9736526012420654,0.7988502711057663,"[0.0, 80]",65.78603941202164
umbrella_sbx_polynomial_run09,9,9,30,30,-0.9736526012420654,9.0,-0.7826708734035492,16.733333333333334,0.9736526012420654,0.7826708734035492,"[0.0, 80]",66.68077260255814
umbrella_sbx_polynomial_run09,9,10,30,30,-0.9798154830932617,9.0,-0.7855868687232336,16.333333333333332,0.9798154830932617,0.7855868687232336,"[0.0, 80]",67.16349050402641
umbrella_sbx_polynomial_run09,9,11,30,30,-0.9798154830932617,8.0,-0.7864619890848795,15.766666666666667,0.9798154830932617,0.7864619890848795,"[0.0, 80]",68.61804807186127
umbrella_sbx_polynomial_run09,9,12,30,30,-0.9798154830932617,8.0,-0.773800348242124,14.8,0.9798154830932617,0.773800348242124,"[0.0, 80]",69.30885618925095
umbrella_sbx_polynomial_run09,9,13,30,30,-0.9798154830932617,8.0,-0.7328032553195953,13.233333333333333,0.9798154830932617,0.7328032553195953,"[0.0, 80]",69.31452322006226
umbrella_sbx_polynomial_run09,9,14,30,30,-0.9804140329360962,8.0,-0.8143930027882258,13.833333333333334,0.9804140329360962,0.8143930027882258,"[0.0, 80]",69.3733241558075
umbrella_sbx_polynomial_run09,9,15,30,30,-0.9804140329360962,8.0,-0.8459374407927195,14.066666666666666,0.9804140329360962,0.8459374407927195,"[0.0, 80]",69.74585032463074
umbrella_sbx_polynomial_run09,9,16,30,30,-0.9804140329360962,7.0,-0.8676773726940155,14.133333333333333,0.9804140329360962,0.8676773726940155,"[0.0, 80]",70.52527630329132
umbrella_sbx_polynomial_run09,9,17,30,30,-0.9807441830635071,5.0,-0.8608782231807709,13.6,0.9807441830635071,0.8608782231807709,"[0.0, 80]",71.41030299663544
umbrella_sbx_polynomial_run09,9,18,30,30,-0.9813053011894226,5.0,-0.8395513415336608,12.533333333333333,0.9813053011894226,0.8395513415336608,"[0.0, 80]",71.4525535106659
umbrella_sbx_polynomial_run09,9,19,30,30,-0.9813053011894226,5.0,-0.8236351728439331,12.5,0.9813053011894226,0.8236351728439331,"[0.0, 80]",71.4525535106659
umbrella_sbx_polynomial_run09,9,20,30,30,-0.9813053011894226,5.0,-0.8091653486092886,11.9,0.9813053011894226,0.8091653486092886,"[0.0, 80]",71.48992878198624
umbrella_sbx_polynomial_run09,9,21,30,30,-0.9813053011894226,4.0,-0.7912927091121673,11.466666666666667,0.9813053011894226,0.7912927091121673,"[0.0, 80]",72.51727718114853
umbrella_sbx_polynomial_run09,9,22,30,30,-0.9813053011894226,4.0,-0.8225184778372446,11.533333333333333,0.9813053011894226,0.8225184778372446,"[0.0, 80]",72.52255982160568
umbrella_sbx_polynomial_run09,9,23,30,30,-0.9816535115242004,4.0,-0.8239055156707764,11.433333333333334,0.9816535115242004,0.8239055156707764,"[0.0, 80]",72.55193090438843
umbrella_sbx_polynomial_run09,9,24,30,30,-0.9816535115242004,4.0,-0.8019110669692358,11.166666666666666,0.9816535115242004,0.8019110669692358,"[0.0, 80]",72.61119318008423
umbrella_sbx_polynomial_run09,9,25,30,30,-0.9816535115242004,4.0,-0.7916806836922964,9.7,0.9816535115242004,0.7916806836922964,"[0.0, 80]",72.61119318008423
umbrella_sbx_polynomial_run09,9,26,30,30,-0.9816535115242004,4.0,-0.8078341782093048,9.633333333333333,0.9816535115242004,0.8078341782093048,"[0.0, 80]",72.61119318008423
umbrella_sbx_polynomial_run09,9,27,30,30,-0.9816535115242004,4.0,-0.8047370870908102,9.566666666666666,0.9816535115242004,0.8047370870908102,"[0.0, 80]",72.6250491142273
umbrella_sbx_polynomial_run09,9,28,30,30,-0.9816535115242004,4.0,-0.8049826701482137,9.566666666666666,0.9816535115242004,0.8049826701482137,"[0.0, 80]",72.62844043970108
umbrella_sbx_polynomial_run09,9,29,30,30,-0.9816535115242004,4.0,-0.799689116080602,9.933333333333334,0.9816535115242004,0.799689116080602,"[0.0, 80]",72.73215186595917
umbrella_sbx_polynomial_run09,9,30,30,30,-0.9816535115242004,4.0,-0.77174365123113,9.466666666666667,0.9816535115242004,0.77174365123113,"[0.0, 80]",72.73505902290344
umbrella_sbx_polynomial_run09,9,31,30,30,-0.9816535115242004,3.0,-0.7575832744439442,9.366666666666667,0.9816535115242004,0.7575832744439442,"[0.0, 80]",73.05923080444336
umbrella_sbx_polynomial_run09,9,32,30,30,-0.9816535115242004,3.0,-0.7417388300100962,9.233333333333333,0.9816535115242004,0.7417388300100962,"[0.0, 80]",73.12452790141106
umbrella_sbx_polynomial_run09,9,33,30,30,-0.9816535115242004,3.0,-0.7452190965414047,9.233333333333333,0.9816535115242004,0.7452190965414047,"[0.0, 80]",73.1389978826046
umbrella_sbx_polynomial_run09,9,34,30,30,-0.9816535115242004,3.0,-0.7502339661121369,9.5,0.9816535115242004,0.7502339661121369,"[0.0, 80]",73.19087246060371
umbrella_sbx_polynomial_run09,9,35,30,30,-0.9816535115242004,3.0,-0.7630231499671936,9.733333333333333,0.9816535115242004,0.7630231499671936,"[0.0, 80]",73.26061901450157
umbrella_sbx_polynomial_run09,9,36,30,30,-0.9816535115242004,3.0,-0.7853305498758952,10.5,0.9816535115242004,0.7853305498758952,"[0.0, 80]",73.62453699111938
umbrella_sbx_polynomial_run09,9,37,30,30,-0.9818226099014282,3.0,-0.7743649611870448,9.9,0.9818226099014282,0.7743649611870448,"[0.0, 80]",73.64385163784027
umbrella_sbx_polynomial_run09,9,38,30,30,-0.9818226099014282,3.0,-0.7745407849550248,9.333333333333334,0.9818226099014282,0.7745407849550248,"[0.0, 80]",73.66781571507454
umbrella_sbx_polynomial_run09,9,39,30,30,-0.9818226099014282,3.0,-0.7774259557326635,10.033333333333333,0.9818226099014282,0.7774259557326635,"[0.0, 80]",73.68224075436592
umbrella_sbx_polynomial_run09,9,40,30,30,-0.9818226099014282,3.0,-0.7491918921470642,8.933333333333334,0.9818226099014282,0.7491918921470642,"[0.0, 80]",73.68899461627007
umbrella_sbx_polynomial_run09,9,41,30,30,-0.9818226099014282,3.0,-0.7770763645569484,10.1,0.9818226099014282,0.7770763645569484,"[0.0, 80]",73.69318589568138
umbrella_sbx_polynomial_run09,9,42,30,30,-0.9818226099014282,3.0,-0.762469811240832,8.966666666666667,0.9818226099014282,0.762469811240832,"[0.0, 80]",73.71515908837318
umbrella_sbx_polynomial_run09,9,43,30,30,-0.9818226099014282,3.0,-0.7766798625389735,9.1,0.9818226099014282,0.7766798625389735,"[0.0, 80]",73.72238400578499
umbrella_sbx_polynomial_run09,9,44,30,30,-0.9818226099014282,3.0,-0.765417210261027,9.133333333333333,0.9818226099014282,0.765417210261027,"[0.0, 80]",73.72238400578499
umbrella_sbx_polynomial_run09,9,45,30,30,-0.9818226099014282,3.0,-0.78217587073644,9.766666666666667,0.9818226099014282,0.78217587073644,"[0.0, 80]",73.7720111310482
umbrella_sbx_polynomial_run09,9,46,30,30,-0.9818226099014282,3.0,-0.7901520987351736,9.233333333333333,0.9818226099014282,0.7901520987351736,"[0.0, 80]",73.7720111310482
umbrella_sbx_polynomial_run09,9,47,30,30,-0.9818226099014282,3.0,-0.8398865222930908,10.533333333333333,0.9818226099014282,0.8398865222930908,"[0.0, 80]",73.81956496834755
umbrella_sbx_polynomial_run09,9,48,30,30,-0.9818226099014282,3.0,-0.8437674562136332,10.533333333333333,0.9818226099014282,0.8437674562136332,"[0.0, 80]",73.88518336415291
umbrella_sbx_polynomial_run09,9,49,30,30,-0.9818226099014282,3.0,-0.8650447467962901,10.533333333333333,0.9818226099014282,0.8650447467962901,"[0.0, 80]",73.89178213477135
umbrella_sbx_polynomial_run10,10,0,30,28,-0.9211946725845337,3.0,-0.5682783307773727,58.785714285714285,0.9211946725845337,0.5682783307773727,"[0.0, 80]",55.18384197354317
umbrella_sbx_polynomial_run10,10,1,30,30,-0.9462244510650635,3.0,-0.6608255614837011,45.96666666666667,0.9462244510650635,0.6608255614837011,"[0.0, 80]",59.333052188158035
umbrella_sbx_polynomial_run10,10,2,30,30,-0.9514011740684509,3.0,-0.6929511139790218,39.06666666666667,0.9514011740684509,0.6929511139790218,"[0.0, 80]",62.01895543932915
umbrella_sbx_polynomial_run10,10,3,30,30,-0.9514011740684509,3.0,-0.7341012905041376,38.2,0.9514011740684509,0.7341012905041376,"[0.0, 80]",63.88278079032898
umbrella_sbx_polynomial_run10,10,4,30,30,-0.9514011740684509,3.0,-0.7804264118274052,38.3,0.9514011740684509,0.7804264118274052,"[0.0, 80]",64.99044513702393
umbrella_sbx_polynomial_run10,10,5,30,30,-0.9549685716629028,3.0,-0.7795509308576584,32.333333333333336,0.9549685716629028,0.7795509308576584,"[0.0, 80]",66.13659334182739
umbrella_sbx_polynomial_run10,10,6,30,30,-0.9549685716629028,3.0,-0.7350190093119939,32.1,0.9549685716629028,0.7350190093119939,"[0.0, 80]",66.47955432534218
umbrella_sbx_polynomial_run10,10,7,30,30,-0.9550179243087769,3.0,-0.7104919721682866,31.266666666666666,0.9550179243087769,0.7104919721682866,"[0.0, 80]",67.76108783483505
umbrella_sbx_polynomial_run10,10,8,30,30,-0.9555268287658691,3.0,-0.7794325977563858,35.36666666666667,0.9555268287658691,0.7794325977563858,"[0.0, 80]",68.01542556285858
umbrella_sbx_polynomial_run10,10,9,30,30,-0.9555268287658691,3.0,-0.7792216757933299,34.666666666666664,0.9555268287658691,0.7792216757933299,"[0.0, 80]",68.01542556285858
umbrella_sbx_polynomial_run10,10,10,30,30,-0.9555268287658691,3.0,-0.8232056955496471,37.1,0.9555268287658691,0.8232056955496471,"[0.0, 80]",68.0485172867775
umbrella_sbx_polynomial_run10,10,11,30,30,-0.9555268287658691,3.0,-0.8450195570786794,38.03333333333333,0.9555268287658691,0.8450195570786794,"[0.0, 80]",68.89810490608215
umbrella_sbx_polynomial_run10,10,12,30,30,-0.9555268287658691,3.0,-0.8387450317541758,36.766666666666666,0.9555268287658691,0.8387450317541758,"[0.0, 80]",68.97198152542114
umbrella_sbx_polynomial_run10,10,13,30,30,-0.9555268287658691,3.0,-0.8544336358706156,38.96666666666667,0.9555268287658691,0.8544336358706156,"[0.0, 80]",69.09826803207397
umbrella_sbx_polynomial_run10,10,14,30,30,-0.9559402465820312,3.0,-0.862745197614034,38.96666666666667,0.9559402465820312,0.862745197614034,"[0.0, 80]",69.46859741210938
umbrella_sbx_polynomial_run10,10,15,30,30,-0.9559402465820312,3.0,-0.8743568996588389,39.166666666666664,0.9559402465820312,0.8743568996588389,"[0.0, 80]",69.66725540161133
umbrella_sbx_polynomial_run10,10,16,30,30,-0.9559402465820312,3.0,-0.8672335108121236,35.86666666666667,0.9559402465820312,0.8672335108121236,"[0.0, 80]",69.73993450403214
umbrella_sbx_polynomial_run10,10,17,30,30,-0.9559669494628906,3.0,-0.8619571030139923,35.766666666666666,0.9559669494628906,0.8619571030139923,"[0.0, 80]",69.74006801843643
umbrella_sbx_polynomial_run10,10,18,30,30,-0.9559669494628906,3.0,-0.8632662177085877,35.766666666666666,0.9559669494628906,0.8632662177085877,"[0.0, 80]",69.74006801843643
umbrella_sbx_polynomial_run10,10,19,30,30,-0.9559669494628906,3.0,-0.8718510210514069,35.63333333333333,0.9559669494628906,0.8718510210514069,"[0.0, 80]",70.02578914165497
umbrella_sbx_polynomial_run10,10,20,30,30,-0.9559669494628906,3.0,-0.8699373722076416,37.3,0.9559669494628906,0.8699373722076416,"[0.0, 80]",70.02578914165497
umbrella_sbx_polynomial_run10,10,21,30,30,-0.9559669494628906,3.0,-0.8752403855323792,37.46666666666667,0.9559669494628906,0.8752403855323792,"[0.0, 80]",70.03072226047516
umbrella_sbx_polynomial_run10,10,22,30,30,-0.9559669494628906,3.0,-0.8793605844179789,45.266666666666666,0.9559669494628906,0.8793605844179789,"[0.0, 80]",70.3359489440918
umbrella_sbx_polynomial_run10,10,23,30,30,-0.9559669494628906,3.0,-0.8982547203699748,50.86666666666667,0.9559669494628906,0.8982547203699748,"[0.0, 80]",70.34874296188354
umbrella_sbx_polynomial_run10,10,24,30,30,-0.9559758901596069,3.0,-0.8844808419545491,45.733333333333334,0.9559758901596069,0.8844808419545491,"[0.0, 80]",70.4323947429657
umbrella_sbx_polynomial_run10,10,25,30,30,-0.9559758901596069,3.0,-0.8731539110342662,43.63333333333333,0.9559758901596069,0.8731539110342662,"[0.0, 80]",70.4323947429657
umbrella_sbx_polynomial_run10,10,26,30,30,-0.9559758901596069,3.0,-0.8809296806653341,43.0,0.9559758901596069,0.8809296806653341,"[0.0, 80]",70.4349998831749
umbrella_sbx_polynomial_run10,10,27,30,30,-0.9559758901596069,3.0,-0.8852449834346772,45.03333333333333,0.9559758901596069,0.8852449834346772,"[0.0, 80]",70.9075180888176
umbrella_sbx_polynomial_run10,10,28,30,30,-0.9559758901596069,3.0,-0.8896603941917419,47.06666666666667,0.9559758901596069,0.8896603941917419,"[0.0, 80]",71.11646145582199
umbrella_sbx_polynomial_run10,10,29,30,30,-0.9559758901596069,3.0,-0.8899612307548523,46.93333333333333,0.9559758901596069,0.8899612307548523,"[0.0, 80]",71.11646145582199
umbrella_sbx_polynomial_run10,10,30,30,30,-0.9559758901596069,3.0,-0.9150245964527131,51.733333333333334,0.9559758901596069,0.9150245964527131,"[0.0, 80]",71.12882250547409
umbrella_sbx_polynomial_run10,10,31,30,30,-0.9559758901596069,3.0,-0.9165531714757283,52.0,0.9559758901596069,0.9165531714757283,"[0.0, 80]",71.24409490823746
umbrella_sbx_polynomial_run10,10,32,30,30,-0.9559758901596069,3.0,-0.9167730410893759,50.2,0.9559758901596069,0.9167730410893759,"[0.0, 80]",71.30147463083267
umbrella_sbx_polynomial_run10,10,33,30,30,-0.9559758901596069,3.0,-0.9174841642379761,51.63333333333333,0.9559758901596069,0.9174841642379761,"[0.0, 80]",71.30147463083267
umbrella_sbx_polynomial_run10,10,34,30,30,-0.9559758901596069,3.0,-0.9190896630287171,55.03333333333333,0.9559758901596069,0.9190896630287171,"[0.0, 80]",71.30147463083267
umbrella_sbx_polynomial_run10,10,35,30,30,-0.9559758901596069,3.0,-0.9298397223154704,57.6,0.9559758901596069,0.9298397223154704,"[0.0, 80]",71.304623067379
umbrella_sbx_polynomial_run10,10,36,30,30,-0.9559758901596069,3.0,-0.930034476518631,57.333333333333336,0.9559758901596069,0.930034476518631,"[0.0, 80]",71.3172174692154
umbrella_sbx_polynomial_run10,10,37,30,30,-0.9559758901596069,3.0,-0.930793023109436,57.3,0.9559758901596069,0.930793023109436,"[0.0, 80]",71.6673179268837
umbrella_sbx_polynomial_run10,10,38,30,30,-0.9560791850090027,3.0,-0.9223979910214742,50.86666666666667,0.9560791850090027,0.9223979910214742,"[0.0, 80]",72.34526944160461
umbrella_sbx_polynomial_run10,10,39,30,30,-0.9560791850090027,3.0,-0.9227982342243195,50.1,0.9560791850090027,0.9227982342243195,"[0.0, 80]",72.34526944160461
umbrella_sbx_polynomial_run10,10,40,30,30,-0.9560791850090027,3.0,-0.9144657532374064,43.333333333333336,0.9560791850090027,0.9144657532374064,"[0.0, 80]",72.34526944160461
umbrella_sbx_polynomial_run10,10,41,30,30,-0.9560791850090027,3.0,-0.9110186894734701,43.666666666666664,0.9560791850090027,0.9110186894734701,"[0.0, 80]",72.40359938144684
umbrella_sbx_polynomial_run10,10,42,30,30,-0.9560791850090027,3.0,-0.9213554739952088,42.2,0.9560791850090027,0.9213554739952088,"[0.0, 80]",72.44161182641983
umbrella_sbx_polynomial_run10,10,43,30,30,-0.9561648368835449,3.0,-0.9185352325439453,35.833333333333336,0.9561648368835449,0.9185352325439453,"[0.0, 80]",72.53934019804001
umbrella_sbx_polynomial_run10,10,44,30,30,-0.9575473666191101,3.0,-0.9139071861902873,30.9,0.9575473666191101,0.9139071861902873,"[0.0, 80]",72.66710597276688
umbrella_sbx_polynomial_run10,10,45,30,30,-0.9575473666191101,3.0,-0.924389507373174,32.766666666666666,0.9575473666191101,0.924389507373174,"[0.0, 80]",72.67120498418808
umbrella_sbx_polynomial_run10,10,46,30,30,-0.9596549868583679,3.0,-0.9253925700982412,28.9,0.9596549868583679,0.9253925700982412,"[0.0, 80]",72.86979573965073
umbrella_sbx_polynomial_run10,10,47,30,30,-0.9596549868583679,3.0,-0.927071605126063,28.033333333333335,0.9596549868583679,0.927071605126063,"[0.0, 80]",72.86979573965073
umbrella_sbx_polynomial_run10,10,48,30,30,-0.9596549868583679,3.0,-0.933233509461085,29.766666666666666,0.9596549868583679,0.933233509461085,"[0.0, 80]",72.89195364713669
umbrella_sbx_polynomial_run10,10,49,30,30,-0.9596549868583679,3.0,-0.9280389467875163,20.733333333333334,0.9596549868583679,0.9280389467875163,"[0.0, 80]",72.89212048053741
